date,asset_id,return_m
2012-06-30,CN,-0.0551330798479087
2012-07-31,CN,-0.0458752515090542
2012-08-31,CN,-0.0539856600590468
2012-09-30,CN,0.0423539901917076
2012-10-31,CN,-0.0222412318220701
2012-11-30,CN,-0.052930883639545
2012-12-31,CN,0.1810623556581985
2013-01-31,CN,0.0641376613218616
2013-02-28,CN,-0.0069827269386255
2013-03-31,CN,-0.0673575129533678
2013-04-30,CN,-0.0166666666666666
2013-05-31,CN,0.0645682001614202
2013-06-30,CN,-0.1429112964366944
2013-07-31,CN,0.0048651039363112
2013-08-31,CN,0.0563380281690142
2013-09-30,CN,0.0416666666666667
2013-10-31,CN,-0.0143999999999999
2013-11-30,CN,0.0251623376623375
2013-12-31,CN,-0.0463182897862233
2014-01-31,CN,-0.0568700705687007
2014-02-28,CN,-0.0088028169014084
2014-03-31,CN,-0.0133214920071047
2014-04-30,CN,0.0036003600360035
2014-05-31,CN,0.0022421524663676
2014-06-30,CN,0.0111856823266218
2014-07-31,CN,0.0969026548672566
2014-08-31,CN,-0.0060508269463493
2014-09-30,CN,0.0438311688311687
2014-10-31,CN,0.0244945567651631
2014-11-30,CN,0.1123339658444024
2014-12-31,CN,0.2470146707608325
2015-01-31,CN,-0.0322845417236661
2015-02-28,CN,0.0390161153519932
2015-03-31,CN,0.12843537414966
2015-04-30,CN,0.1707258258982398
2015-05-31,CN,0.0162718846549947
2015-06-30,CN,-0.0676935549250102
2015-07-31,CN,-0.1376086956521738
2015-08-31,CN,-0.1149483236702798
2015-09-30,CN,-0.0495585303332384
2015-10-31,CN,0.1090800119868145
2015-11-30,CN,0.0064847338557145
2015-12-31,CN,0.0453691275167784
2016-01-31,CN,-0.2046738572162301
2016-02-29,CN,-0.0213109460768484
2016-03-31,CN,0.11382382052128
2016-04-30,CN,-0.0168838862559241
2016-05-31,CN,0.0051220247062366
2016-06-30,CN,-0.0023980815347721
2016-07-31,CN,0.0279447115384614
2016-08-31,CN,0.0394621455714703
2016-09-30,CN,-0.0188413948256468
2016-10-31,CN,0.0212095156205216
2016-11-30,CN,0.0564131349985965
2016-12-31,CN,-0.0634962805526035
2017-01-31,CN,0.0238297872340425
2017-02-28,CN,0.0160709337766693
2017-03-31,CN,0.0024543223343334
2017-04-30,CN,-0.0062568008705115
2017-05-31,CN,0.0158773610730904
2017-06-30,CN,0.0525464834276476
2017-07-31,CN,0.0271377368151559
2017-08-31,CN,0.0234297108673979
2017-09-30,CN,0.0043838285435946
2017-10-31,CN,0.0387972841901067
2017-11-30,CN,-0.0018674136321195
2017-12-31,CN,0.0051449953227316
2018-01-31,CN,0.0560725919032107
2018-02-28,CN,-0.0552985239039435
2018-03-31,CN,-0.0289179104477613
2018-04-30,CN,-0.0341018251681074
2018-05-31,CN,0.0121829935355544
2018-06-30,CN,-0.0653402112503069
2018-07-31,CN,0.0099868593955321
2018-08-31,CN,-0.0481394743689825
2018-09-30,CN,0.032258064516129
2018-10-31,CN,-0.0802436440677966
2018-11-30,CN,0.0086380650734236
2018-12-31,CN,-0.0502426491578646
2019-01-31,CN,0.0607153591824465
2019-02-28,CN,0.1306319070558232
2019-03-31,CN,0.0516290726817041
2019-04-30,CN,0.0064346997140134
2019-05-31,CN,-0.0625147999052805
2019-06-30,CN,0.0573377115433189
2019-07-31,CN,0.0088389870998566
2019-08-31,CN,-0.0082879469571395
2019-09-30,CN,0.0019102196752627
2019-10-31,CN,0.0181124880838894
2019-11-30,CN,-0.0135767790262172
2019-12-31,CN,0.0643094447081158
2020-01-31,CN,-0.0222965440356746
2020-02-29,CN,-0.0143671607753704
2020-03-31,CN,-0.0610828320222119
2020-04-30,CN,0.0588960078856579
2020-05-31,CN,-0.0097742611124039
2020-06-30,CN,0.0733254994124559
2020-07-31,CN,0.1252463323844974
2020-08-31,CN,0.0241292080171238
2020-09-30,CN,-0.0433212996389891
2020-10-31,CN,0.0220456802383315
2020-11-30,CN,0.0532452390205986
2020-12-31,CN,0.0472324723247232
2021-01-31,CN,0.0234319943622269
2021-02-28,CN,-0.0032707867102771
2021-03-31,CN,-0.0481865284974093
2021-04-30,CN,0.0141535111594992
2021-05-31,CN,0.0375738056897476
2021-06-30,CN,-0.014140369029143
2021-07-31,CN,-0.0671680951548013
2021-08-31,CN,0.0013125820363772
2021-09-30,CN,0.0104868913857678
2021-10-31,CN,0.0085248332097851
2021-11-30,CN,-0.0128629180448365
2021-12-31,CN,0.0180565897244975
2022-01-31,CN,-0.0692996891570671
2022-02-28,CN,0.0033398821218075
2022-03-31,CN,-0.0691208145682398
2022-04-30,CN,-0.0427008834665543
2022-05-31,CN,0.0162601626016258
2022-06-30,CN,0.0905945945945945
2022-07-31,CN,-0.057097541633624
2022-08-31,CN,-0.0166105971404543
2022-09-30,CN,-0.0583707504810775
2022-10-31,CN,-0.068801089918256
2022-11-30,CN,0.0843696659351378
2022-12-31,CN,0.0060715088823926
2023-01-31,CN,0.063701385784533
2023-02-28,CN,-0.0184912796806051
2023-03-31,CN,-0.0044958253050738
2023-04-30,CN,-0.0053763440860216
2023-05-31,CN,-0.0482162162162161
2023-06-30,CN,0.0181735574738755
2023-07-31,CN,0.0450691655510933
2023-08-31,CN,-0.0523057216054654
2023-09-30,CN,-0.0168956972291056
2023-10-31,CN,-0.0274977085242896
2023-11-30,CN,-0.0193213949104618
2023-12-31,CN,-0.0151369533877943
2024-01-31,CN,-0.050744083922908
2024-02-29,CN,0.0722179388332047
2024-03-31,CN,0.0055129434324066
2024-04-30,CN,0.0171632896305125
2024-05-31,CN,-0.0037497070541363
2024-06-30,CN,-0.0223476828981417
2024-07-31,CN,0.0050529355149182
2024-08-31,CN,-0.0277711276035431
2024-09-30,CN,0.2070918492982025
2024-10-31,CN,-0.0534475724194207
2024-11-30,CN,0.0064655172413794
2024-12-31,CN,0.0044967880085653
2025-01-31,CN,-0.024515028778512
2025-02-28,CN,0.0190122377622379
2025-03-31,CN,-0.0021445421402531
2025-04-30,CN,-0.0253599828067911
2025-05-31,CN,0.0205071664829106
2025-06-30,CN,0.0239844425237683
2025-07-31,CN,0.0365055918970247
2025-08-31,CN,0.0907980456026058
2025-09-30,CN,0.0261291526689064
2025-10-31,CN,0.0027282648235722
2025-11-30,CN,-0.0219481226192634
2025-12-31,CN,0.0218842729970325
2026-01-31,CN,0.0147005444646097
2026-02-28,CN,0.0025040243248077
2026-03-31,CN,-0.0467439785905442
2026-04-30,CN,0.067565038367958
2026-05-31,CN,0.0173562412342216
2026-06-30,CN,-0.0137859727727037
2017-09-30,CN_GOVT,0.000120002400048
2017-10-31,CN_GOVT,-0.0062393760623938
2017-11-30,CN_GOVT,-0.0157366228643872
2017-12-31,CN_GOVT,0.003005458894727
2018-01-31,CN_GOVT,-0.0006420971095438
2018-02-28,CN_GOVT,0.0144207724393949
2018-03-31,CN_GOVT,0.0009852513899082
2018-04-30,CN_GOVT,0.0204389092552603
2018-05-31,CN_GOVT,0.0018799212598425
2018-06-30,CN_GOVT,0.0040180369580808
2018-07-31,CN_GOVT,0.0048825831702543
2018-08-31,CN_GOVT,-0.0011879375651174
2018-09-30,CN_GOVT,-0.0019887499146982
2018-10-31,CN_GOVT,0.0100514784171608
2018-11-30,CN_GOVT,0.0114601264965861
2018-12-31,CN_GOVT,0.01479151328559
2019-01-31,CN_GOVT,0.0020445851470782
2019-02-28,CN_GOVT,-0.0032063638329681
2019-03-31,CN_GOVT,0.0082067729459482
2019-04-30,CN_GOVT,-0.0194985029940119
2019-05-31,CN_GOVT,0.0106969731669146
2019-06-30,CN_GOVT,0.0049000632570788
2019-07-31,CN_GOVT,0.0066049081137959
2019-08-31,CN_GOVT,0.0095203427323384
2019-09-30,CN_GOVT,-0.006740077108701
2019-10-31,CN_GOVT,-0.0072512333612585
2019-11-30,CN_GOVT,0.0088981819204696
2019-12-31,CN_GOVT,0.008085501858736
2020-01-31,CN_GOVT,0.0109984327463814
2020-02-29,CN_GOVT,0.0185750891367189
2020-03-31,CN_GOVT,0.0099820948970457
2020-04-30,CN_GOVT,0.0149448211673979
2020-05-31,CN_GOVT,-0.0154409131797975
2020-06-30,CN_GOVT,-0.0112655566692982
2020-07-31,CN_GOVT,-0.0098866888563917
2020-08-31,CN_GOVT,-0.005771966546153
2020-09-30,CN_GOVT,0.0042287922423536
2020-10-31,CN_GOVT,-0.0007623334664391
2020-11-30,CN_GOVT,-0.0038327399549517
2020-12-31,CN_GOVT,0.0038566036359657
2021-01-31,CN_GOVT,0.0016075564234139
2021-02-28,CN_GOVT,0.0014780290527918
2021-03-31,CN_GOVT,0.0044275431210105
2021-04-30,CN_GOVT,0.0065444318243279
2021-05-31,CN_GOVT,0.0065556152606125
2021-06-30,CN_GOVT,0.0029183571784467
2021-07-31,CN_GOVT,0.016359119943222
2021-08-31,CN_GOVT,0.0013442268077232
2021-09-30,CN_GOVT,0.0018480099025437
2021-10-31,CN_GOVT,-0.0035412860001741
2021-11-30,CN_GOVT,0.0078150240563032
2021-12-31,CN_GOVT,0.0067320521928986
2022-01-31,CN_GOVT,0.0072636516201214
2022-02-28,CN_GOVT,-0.0020933193209101
2022-03-31,CN_GOVT,0.000753463362844
2022-04-30,CN_GOVT,0.0027549152136341
2022-05-31,CN_GOVT,0.0049401044332959
2022-06-30,CN_GOVT,-0.0018508613297335
2022-07-31,CN_GOVT,0.0102836728618211
2022-08-31,CN_GOVT,0.0094044151076835
2022-09-30,CN_GOVT,-0.0082575005630114
2022-10-31,CN_GOVT,0.0114128560735402
2022-11-30,CN_GOVT,-0.0126478072144888
2022-12-31,CN_GOVT,0.0050194968712364
2023-01-31,CN_GOVT,-0.0017262618052006
2023-02-28,CN_GOVT,0.0014774148597715
2023-03-31,CN_GOVT,0.0046017283722958
2023-04-30,CN_GOVT,0.0074842305510127
2023-05-31,CN_GOVT,0.0062526397734143
2023-06-30,CN_GOVT,0.0062384777455886
2023-07-31,CN_GOVT,0.0015703979977423
2023-08-31,CN_GOVT,0.0079458408871904
2023-09-30,CN_GOVT,-0.0059792427912856
2023-10-31,CN_GOVT,0.0029423990740815
2023-11-30,CN_GOVT,0.0022917513206013
2023-12-31,CN_GOVT,0.0094865890442059
2024-01-31,CN_GOVT,0.0104576633307096
2024-02-29,CN_GOVT,0.0087437601348128
2024-03-31,CN_GOVT,7.879972262503365e-05
2024-04-30,CN_GOVT,0.0026001859526922
2024-05-31,CN_GOVT,0.0043538398667128
2024-06-30,CN_GOVT,0.0104226983207873
2024-07-31,CN_GOVT,0.0094943080616431
2024-08-31,CN_GOVT,-0.0016416582282364
2024-09-30,CN_GOVT,-0.0028814679350248
2024-10-31,CN_GOVT,0.0073131073385375
2024-11-30,CN_GOVT,0.0121867254199943
2024-12-31,CN_GOVT,0.024525920383345
2025-01-31,CN_GOVT,0.0070820484825235
2025-02-28,CN_GOVT,-0.0087829819652197
2025-03-31,CN_GOVT,-0.0061042752096958
2025-04-30,CN_GOVT,0.0152949311839629
2025-05-31,CN_GOVT,-0.0030905335930748
2025-06-30,CN_GOVT,0.0037612764832064
2025-07-31,CN_GOVT,-0.0021224274715301
2025-08-31,CN_GOVT,-0.005383362914937
2025-09-30,CN_GOVT,1.474795740796786e-05
2025-10-31,CN_GOVT,0.0076172076629255
2025-11-30,CN_GOVT,-0.0031175217897209
2025-12-31,CN_GOVT,-0.0014682024063839
2026-01-31,CN_GOVT,0.007094492762147
2026-02-28,CN_GOVT,0.0015184033404873
2026-03-31,CN_GOVT,0.0019242824030205
2026-04-30,CN_GOVT,0.0044086193600954
2026-05-31,CN_GOVT,0.0058523583265732
2026-06-30,CN_GOVT,0.0004536551644678
2002-08-31,CORP_BOND,0.0363770720077714
2002-09-30,CORP_BOND,0.0209127843448893
2002-10-31,CORP_BOND,-0.0061089586806323
2002-11-30,CORP_BOND,0.0071597486926739
2002-12-31,CORP_BOND,0.0392792333580127
2003-01-31,CORP_BOND,-0.0081136522995415
2003-02-28,CORP_BOND,0.0197985370988724
2003-03-31,CORP_BOND,0.0012082998773208
2003-04-30,CORP_BOND,0.0235767247640064
2003-05-31,CORP_BOND,0.0390529792821963
2003-06-30,CORP_BOND,-0.0018011697226695
2003-07-31,CORP_BOND,-0.0580613800231774
2003-08-31,CORP_BOND,0.0145076636872878
2003-09-30,CORP_BOND,0.0453750921686253
2003-10-31,CORP_BOND,-0.0126303591010573
2003-11-30,CORP_BOND,0.0030717766519399
2003-12-31,CORP_BOND,0.0257195096163949
2004-01-31,CORP_BOND,0.0122091704085018
2004-02-29,CORP_BOND,0.0150696532159038
2004-03-31,CORP_BOND,0.0098910019230047
2004-04-30,CORP_BOND,-0.0388760585701388
2004-05-31,CORP_BOND,-0.0052316348061565
2004-06-30,CORP_BOND,0.001263744059081
2004-07-31,CORP_BOND,0.0156258467685843
2004-08-31,CORP_BOND,0.0308088529368106
2004-09-30,CORP_BOND,0.0031141185132284
2004-10-31,CORP_BOND,0.0118286316816362
2004-11-30,CORP_BOND,-0.0121984080332809
2004-12-31,CORP_BOND,0.0139107030223866
2005-01-31,CORP_BOND,0.0122832477158651
2005-02-28,CORP_BOND,-0.0093624242063053
2005-03-31,CORP_BOND,-0.012623419485069
2005-04-30,CORP_BOND,0.01621669739292
2005-05-31,CORP_BOND,0.0062272953536681
2005-06-30,CORP_BOND,0.0121987571391937
2005-07-31,CORP_BOND,-0.0082659000882371
2005-08-31,CORP_BOND,0.0150315911615275
2005-09-30,CORP_BOND,-0.01860915184784
2005-10-31,CORP_BOND,-0.0158179008019795
2005-11-30,CORP_BOND,0.0065710183804925
2005-12-31,CORP_BOND,0.0086086288728663
2006-01-31,CORP_BOND,-0.0043642853696124
2006-02-28,CORP_BOND,0.0068246581330932
2006-03-31,CORP_BOND,-0.0168341275581415
2006-04-30,CORP_BOND,-0.0020212471693633
2006-05-31,CORP_BOND,-0.0019004888706084
2006-06-30,CORP_BOND,-0.00085954291456
2006-07-31,CORP_BOND,0.0145899051049793
2006-08-31,CORP_BOND,0.0222554395365943
2006-09-30,CORP_BOND,0.0087248034474678
2006-10-31,CORP_BOND,0.0100136311987057
2006-11-30,CORP_BOND,0.0146135717205733
2006-12-31,CORP_BOND,-0.0089613813308315
2007-01-31,CORP_BOND,0.000937098277951
2007-02-28,CORP_BOND,0.0200055755246149
2007-03-31,CORP_BOND,-0.0067499223127266
2007-04-30,CORP_BOND,0.0089151319544802
2007-05-31,CORP_BOND,-0.0123065769439582
2007-06-30,CORP_BOND,-0.0081003229260442
2007-07-31,CORP_BOND,-0.0082420561095472
2007-08-31,CORP_BOND,0.0238620825294184
2007-09-30,CORP_BOND,0.0073333063808902
2007-10-31,CORP_BOND,0.0096479970185057
2007-11-30,CORP_BOND,0.0101940449836754
2007-12-31,CORP_BOND,-0.0080331490688684
2008-01-31,CORP_BOND,0.0256573473700507
2008-02-29,CORP_BOND,-0.0070626779504303
2008-03-31,CORP_BOND,-0.00597131827679
2008-04-30,CORP_BOND,0.0124465864668064
2008-05-31,CORP_BOND,-0.0220517488292765
2008-06-30,CORP_BOND,-0.012917349601313
2008-07-31,CORP_BOND,0.0039023105626481
2008-08-31,CORP_BOND,0.0014478522368066
2008-09-30,CORP_BOND,-0.1073048361402327
2008-10-31,CORP_BOND,-0.0194103941733495
2008-11-30,CORP_BOND,0.0335380400289768
2008-12-31,CORP_BOND,0.1381436163923741
2009-01-31,CORP_BOND,-0.0180036647856262
2009-02-28,CORP_BOND,-0.0520383583085095
2009-03-31,CORP_BOND,0.0047176931339891
2009-04-30,CORP_BOND,0.0277666578119746
2009-05-31,CORP_BOND,0.0231691355935534
2009-06-30,CORP_BOND,0.0289131730385141
2009-07-31,CORP_BOND,0.0463265800161214
2009-08-31,CORP_BOND,0.0131005340100773
2009-09-30,CORP_BOND,0.0175900880260233
2009-10-31,CORP_BOND,-0.0049716919881396
2009-11-30,CORP_BOND,0.0195251163988223
2009-12-31,CORP_BOND,-0.0206734709860667
2010-01-31,CORP_BOND,0.0124820792233004
2010-02-28,CORP_BOND,0.0050660935994417
2010-03-31,CORP_BOND,0.0065182203630265
2010-04-30,CORP_BOND,0.0190789568442732
2010-05-31,CORP_BOND,-0.0130820589554421
2010-06-30,CORP_BOND,0.0327851483706214
2010-07-31,CORP_BOND,0.021107260943191
2010-08-31,CORP_BOND,0.0285533509190016
2010-09-30,CORP_BOND,0.004566423367432
2010-10-31,CORP_BOND,-0.0026278952847748
2010-11-30,CORP_BOND,-0.0161531971921575
2010-12-31,CORP_BOND,-0.007520184074664
2011-01-31,CORP_BOND,0.0003687674094368
2011-02-28,CORP_BOND,0.0107998826776476
2011-03-31,CORP_BOND,-0.0054047489540671
2011-04-30,CORP_BOND,0.0250441979829192
2011-05-31,CORP_BOND,0.0126950940735377
2011-06-30,CORP_BOND,-0.0079720727693357
2011-07-31,CORP_BOND,0.0243014532075152
2011-08-31,CORP_BOND,0.0034040409401314
2011-09-30,CORP_BOND,0.003510670094192
2011-10-31,CORP_BOND,0.0250957174754664
2011-11-30,CORP_BOND,-0.0315664801209216
2011-12-31,CORP_BOND,0.0348823402250129
2012-01-31,CORP_BOND,0.0214486073095312
2012-02-29,CORP_BOND,0.0163281270854001
2012-03-31,CORP_BOND,-0.0142111160911985
2012-04-30,CORP_BOND,0.0108218018516488
2012-05-31,CORP_BOND,0.007570673497425
2012-06-30,CORP_BOND,0.0087157433158711
2012-07-31,CORP_BOND,0.0348303927646778
2012-08-31,CORP_BOND,-0.0005377312528238
2012-09-30,CORP_BOND,0.011001328215878
2012-10-31,CORP_BOND,0.0134609559997798
2012-11-30,CORP_BOND,-0.0072353011096272
2012-12-31,CORP_BOND,-0.0033048483383797
2013-01-31,CORP_BOND,-0.0129760320494656
2013-02-28,CORP_BOND,0.010759340389157
2013-03-31,CORP_BOND,-0.0004659589419848
2013-04-30,CORP_BOND,0.0217349446865029
2013-05-31,CORP_BOND,-0.0321761452531734
2013-06-30,CORP_BOND,-0.0326753438789229
2013-07-31,CORP_BOND,0.0110599923039573
2013-08-31,CORP_BOND,-0.0099830240545943
2013-09-30,CORP_BOND,0.0074190023519411
2013-10-31,CORP_BOND,0.0180815810560419
2013-11-30,CORP_BOND,-0.0013936248492619
2013-12-31,CORP_BOND,0.0021489441145492
2014-01-31,CORP_BOND,0.0188277588355874
2014-02-28,CORP_BOND,0.0114491645567675
2014-03-31,CORP_BOND,-0.0002903862266764
2014-04-30,CORP_BOND,0.0132934533731732
2014-05-31,CORP_BOND,0.0151431409692617
2014-06-30,CORP_BOND,6.746102837640322e-05
2014-07-31,CORP_BOND,-0.0031947543354637
2014-08-31,CORP_BOND,0.0200402779182207
2014-09-30,CORP_BOND,-0.0168163609449213
2014-10-31,CORP_BOND,0.0123425196257058
2014-11-30,CORP_BOND,0.0091175449687153
2014-12-31,CORP_BOND,-0.0001724609878397
2015-01-31,CORP_BOND,0.037518067738216
2015-02-28,CORP_BOND,-0.0142047425111725
2015-03-31,CORP_BOND,0.0019517474422057
2015-04-30,CORP_BOND,-0.0118714136715494
2015-05-31,CORP_BOND,-0.0112039701468122
2015-06-30,CORP_BOND,-0.018831723157431
2015-07-31,CORP_BOND,0.0083201447113132
2015-08-31,CORP_BOND,-0.0082745547327608
2015-09-30,CORP_BOND,0.0118978946777839
2015-10-31,CORP_BOND,0.0057363637948044
2015-11-30,CORP_BOND,-0.0015420971283154
2015-12-31,CORP_BOND,-0.0108106845209288
2016-01-31,CORP_BOND,0.0012278005826653
2016-02-29,CORP_BOND,0.0105179632565988
2016-03-31,CORP_BOND,0.0361457125316806
2016-04-30,CORP_BOND,0.0155461360328743
2016-05-31,CORP_BOND,-0.0051253255791968
2016-06-30,CORP_BOND,0.0309429638033658
2016-07-31,CORP_BOND,0.0129165809919677
2016-08-31,CORP_BOND,0.00180291887205
2016-09-30,CORP_BOND,-0.0031558898938701
2016-10-31,CORP_BOND,-0.0152859172973029
2016-11-30,CORP_BOND,-0.0316757983453072
2016-12-31,CORP_BOND,0.0083926173086781
2017-01-31,CORP_BOND,0.001450168871693
2017-02-28,CORP_BOND,0.0132101846306009
2017-03-31,CORP_BOND,-0.0029511466209688
2017-04-30,CORP_BOND,0.0118881566870141
2017-05-31,CORP_BOND,0.0133316769930791
2017-06-30,CORP_BOND,0.0048027564025887
2017-07-31,CORP_BOND,0.0076542812943802
2017-08-31,CORP_BOND,0.0067718369639437
2017-09-30,CORP_BOND,-0.0004943615825339
2017-10-31,CORP_BOND,0.0019267222044299
2017-11-30,CORP_BOND,-0.0012330659161808
2017-12-31,CORP_BOND,0.0122042717010746
2018-01-31,CORP_BOND,-0.0122569730786991
2018-02-28,CORP_BOND,-0.0223714710436274
2018-03-31,CORP_BOND,0.0055675416195841
2018-04-30,CORP_BOND,-0.0156594915026908
2018-05-31,CORP_BOND,0.0052136290999491
2018-06-30,CORP_BOND,-0.0048725971258613
2018-07-31,CORP_BOND,0.0134381606765328
2018-08-31,CORP_BOND,0.0001992500253547
2018-09-30,CORP_BOND,-0.0014077705152959
2018-10-31,CORP_BOND,-0.0204923077623968
2018-11-30,CORP_BOND,-0.0035848391509264
2018-12-31,CORP_BOND,0.0185949626842225
2019-01-31,CORP_BOND,0.0336817626255054
2019-02-28,CORP_BOND,-0.002038211151923
2019-03-31,CORP_BOND,0.0292895747433512
2019-04-30,CORP_BOND,0.0043638358629338
2019-05-31,CORP_BOND,0.0165055191662255
2019-06-30,CORP_BOND,0.0324677045627004
2019-07-31,CORP_BOND,0.0025399156600285
2019-08-31,CORP_BOND,0.0388601888820427
2019-09-30,CORP_BOND,-0.0075592739250373
2019-10-31,CORP_BOND,0.0044517907528081
2019-11-30,CORP_BOND,0.0047503639599693
2019-12-31,CORP_BOND,0.0052734902196169
2020-01-31,CORP_BOND,0.0244608506251982
2020-02-29,CORP_BOND,0.0109134663941519
2020-03-31,CORP_BOND,-0.0631187382125034
2020-04-30,CORP_BOND,0.0484577983007419
2020-05-31,CORP_BOND,0.0246025198609978
2020-06-30,CORP_BOND,0.0212756316648883
2020-07-31,CORP_BOND,0.031001240111677
2020-08-31,CORP_BOND,-0.0177830433815264
2020-09-30,CORP_BOND,-0.0043974423619305
2020-10-31,CORP_BOND,-0.0051038958903745
2020-11-30,CORP_BOND,0.0377154917044426
2020-12-31,CORP_BOND,0.0015066978731259
2021-01-31,CORP_BOND,-0.0183163173062765
2021-02-28,CORP_BOND,-0.0226328895210475
2021-03-31,CORP_BOND,-0.0147803806869222
2021-04-30,CORP_BOND,0.0104318707297541
2021-05-31,CORP_BOND,0.0062265790447189
2021-06-30,CORP_BOND,0.0221139224723638
2021-07-31,CORP_BOND,0.0141907697419614
2021-08-31,CORP_BOND,-0.0034400013800482
2021-09-30,CORP_BOND,-0.0150741429890719
2021-10-31,CORP_BOND,0.0053098192596725
2021-11-30,CORP_BOND,-0.0011862465603323
2021-12-31,CORP_BOND,-0.0003415155337541
2022-01-31,CORP_BOND,-0.0359188076181224
2022-02-28,CORP_BOND,-0.021314893054443
2022-03-31,CORP_BOND,-0.0289371679124607
2022-04-30,CORP_BOND,-0.0669928181568262
2022-05-31,CORP_BOND,0.0186390212378964
2022-06-30,CORP_BOND,-0.0362283005307276
2022-07-31,CORP_BOND,0.0444443787340447
2022-08-31,CORP_BOND,-0.044291372408357
2022-09-30,CORP_BOND,-0.0597982477722746
2022-10-31,CORP_BOND,-0.0074528502524543
2022-11-30,CORP_BOND,0.0664765545260754
2022-12-31,CORP_BOND,-0.0155111833713063
2023-01-31,CORP_BOND,0.0515983798723487
2023-02-28,CORP_BOND,-0.0416907355704575
2023-03-31,CORP_BOND,0.0384846840058172
2023-04-30,CORP_BOND,0.0060403131053583
2023-05-31,CORP_BOND,-0.0176893996017031
2023-06-30,CORP_BOND,0.0081009421567881
2023-07-31,CORP_BOND,0.0005380052498809
2023-08-31,CORP_BOND,-0.0122903398873654
2023-09-30,CORP_BOND,-0.0355728625345267
2023-10-31,CORP_BOND,-0.024118881251862
2023-11-30,CORP_BOND,0.0757442818020646
2023-12-31,CORP_BOND,0.0487526557439343
2024-01-31,CORP_BOND,-0.0044279634929832
2024-02-29,CORP_BOND,-0.0193201920198774
2024-03-31,CORP_BOND,0.0154100610378149
2024-04-30,CORP_BOND,-0.0324305188074616
2024-05-31,CORP_BOND,0.0221372541770041
2024-06-30,CORP_BOND,0.0059634530919965
2024-07-31,CORP_BOND,0.0263807388664716
2024-08-31,CORP_BOND,0.0187049518491755
2024-09-30,CORP_BOND,0.0196294694235641
2024-10-31,CORP_BOND,-0.0317940316069941
2024-11-30,CORP_BOND,0.0179089075387699
2024-12-31,CORP_BOND,-0.0267578858228672
2025-01-31,CORP_BOND,0.0058030668482187
2025-02-28,CORP_BOND,0.0237133114397221
2025-03-31,CORP_BOND,-0.0046249381199142
2025-04-30,CORP_BOND,-0.0027060036029549
2025-05-31,CORP_BOND,0.0020643113173883
2025-06-30,CORP_BOND,0.0208242642546596
2025-07-31,CORP_BOND,-0.000897276344808
2025-08-31,CORP_BOND,0.0104356332426507
2025-09-30,CORP_BOND,0.0187723143642113
2025-10-31,CORP_BOND,0.0014946528840849
2025-11-30,CORP_BOND,0.009311648957301
2025-12-31,CORP_BOND,-0.0073745717807618
2026-01-31,CORP_BOND,0.0034484539202328
2026-02-28,CORP_BOND,0.0137797338915695
2026-03-31,CORP_BOND,-0.0207284372307061
2026-04-30,CORP_BOND,0.0028191681910134
2026-05-31,CORP_BOND,0.0086235360875961
2026-06-30,CORP_BOND,-0.0026518094024068
2026-07-31,CORP_BOND,-0.0004416692627253
2001-09-30,DM,-0.0961983816713873
2001-10-31,DM,0.0182408331358088
2001-11-30,DM,0.0334433470379924
2001-12-31,DM,0.006096095435822
2002-01-31,DM,-0.0578372403981649
2002-02-28,DM,0.0120105707597002
2002-03-31,DM,0.0558241107487273
2002-04-30,DM,0.0152373843157966
2002-05-31,DM,0.0053312211445004
2002-06-30,DM,-0.0328766830679317
2002-07-31,DM,-0.0953182477217118
2002-08-31,DM,-0.009790585530036
2002-09-30,DM,-0.1035780397364697
2002-10-31,DM,0.0383405019463036
2002-11-30,DM,0.0561454904393419
2002-12-31,DM,-0.0334837208883576
2003-01-31,DM,-0.0430263385079292
2003-02-28,DM,-0.0211078935445108
2003-03-31,DM,-0.0231805534264056
2003-04-30,DM,0.1016554577121711
2003-05-31,DM,0.0645225766921107
2003-06-30,DM,0.0193881090824881
2003-07-31,DM,0.0151418111661962
2003-08-31,DM,0.032924450185678
2003-09-30,DM,0.0302016170626375
2003-10-31,DM,0.0649568228574923
2003-11-30,DM,0.0252811605078455
2003-12-31,DM,0.087375052770394
2004-01-31,DM,0.0112589776688933
2004-02-29,DM,0.0229902216564188
2004-03-31,DM,0.0007068778172543
2004-04-30,DM,-0.0338983037906993
2004-05-31,DM,0.0114033719986588
2004-06-30,DM,0.0335356108021371
2004-07-31,DM,-0.0426572671089291
2004-08-31,DM,0.0119062162675038
2004-09-30,DM,0.0207177907474571
2004-10-31,DM,0.0350073994830912
2004-11-30,DM,0.0608130329218143
2004-12-31,DM,0.0480671847580846
2005-01-31,DM,-0.0190328479859759
2005-02-28,DM,0.0378499163551417
2005-03-31,DM,-0.0262337784215146
2005-04-30,DM,-0.0161761404190723
2005-05-31,DM,-0.0086373787993406
2005-06-30,DM,0.0143271189209071
2005-07-31,DM,0.0299674312558055
2005-08-31,DM,0.0383615808544113
2005-09-30,DM,0.0369449077477896
2005-10-31,DM,-0.0318416795548899
2005-11-30,DM,0.023110816048421
2005-12-31,DM,0.0518261522519298
2006-01-31,DM,0.0577148538044063
2006-02-28,DM,-0.006999553437005
2006-03-31,DM,0.04005105356024
2006-04-30,DM,0.0479051268839365
2006-05-31,DM,-0.0382183117672698
2006-06-30,DM,-0.0006113678418171
2006-07-31,DM,0.0081050465184908
2006-08-31,DM,0.0254856358849626
2006-09-30,DM,0.0022187253741277
2006-10-31,DM,0.0374909249280424
2006-11-30,DM,0.0307300270142425
2006-12-31,DM,0.0319717694379695
2007-01-31,DM,0.013930290848918
2007-02-28,DM,-0.0012119020307334
2007-03-31,DM,0.0289950287898701
2007-04-30,DM,0.0374840907019393
2007-05-31,DM,0.0236227790572631
2007-06-30,DM,-0.003208750995128
2007-07-31,DM,-0.0229046721488849
2007-08-31,DM,-0.0063352691652723
2007-09-30,DM,0.0531752677035133
2007-10-31,DM,0.0424989689229109
2007-11-30,DM,-0.0362370886293379
2007-12-31,DM,-0.0298127311745037
2008-01-31,DM,-0.0784712112935106
2008-02-29,DM,-0.0102294932004075
2008-03-31,DM,0.004189890133422
2008-04-30,DM,0.0543809730781561
2008-05-31,DM,0.011871896962226
2008-06-30,DM,-0.0878682104368973
2008-07-31,DM,-0.0332022158904905
2008-08-31,DM,-0.0424761405202209
2008-09-30,DM,-0.1143620819354784
2008-10-31,DM,-0.2083480757723859
2008-11-30,DM,-0.0637200281116047
2008-12-31,DM,0.0886839240315346
2009-01-31,DM,-0.1373161593462012
2009-02-28,DM,-0.103876042883595
2009-03-31,DM,0.0839101032913962
2009-04-30,DM,0.1151903192666947
2009-05-31,DM,0.1319175855371237
2009-06-30,DM,-0.0140488872162486
2009-07-31,DM,0.1004145493770041
2009-08-31,DM,0.0450310897471231
2009-09-30,DM,0.0379649025184167
2009-10-31,DM,-0.0252374586767911
2009-11-30,DM,0.0392118949611905
2009-12-31,DM,0.0070960902186891
2010-01-31,DM,-0.0506513745151864
2010-02-28,DM,0.0026676819952302
2010-03-31,DM,0.0638541445783791
2010-04-30,DM,-0.0280454508055977
2010-05-31,DM,-0.1119282468402547
2010-06-30,DM,-0.0206192776887355
2010-07-31,DM,0.1161042334809874
2010-08-31,DM,-0.0379504241390799
2010-09-30,DM,0.099719656099495
2010-10-31,DM,0.0380551913157618
2010-11-30,DM,-0.0482371353488526
2010-12-31,DM,0.0830807804589421
2011-01-31,DM,0.020954968622334
2011-02-28,DM,0.0354981680464618
2011-03-31,DM,-0.0238831297560527
2011-04-30,DM,0.0562581588386439
2011-05-31,DM,-0.0220608256929004
2011-06-30,DM,-0.0121075818452935
2011-07-31,DM,-0.0237778041694017
2011-08-31,DM,-0.0875490437611856
2011-09-30,DM,-0.1080828055452723
2011-10-31,DM,0.0962745859626013
2011-11-30,DM,-0.0217640154736917
2011-12-31,DM,-0.0217494534904351
2012-01-31,DM,0.0526953524820117
2012-02-29,DM,0.0483313280892669
2012-03-31,DM,0.004207899289611
2012-04-30,DM,-0.0207689626934427
2012-05-31,DM,-0.1114416928804531
2012-06-30,DM,0.0704333264662449
2012-07-31,DM,0.000800557455997
2012-08-31,DM,0.0319997996167322
2012-09-30,DM,0.0271319958056623
2012-10-31,DM,0.0109433506961951
2012-11-30,DM,0.0278087490360789
2012-12-31,DM,0.0438115609474667
2013-01-31,DM,0.0372847784051038
2013-02-28,DM,-0.0128857442585426
2013-03-31,DM,0.0130539541735861
2013-04-30,DM,0.0501865115800954
2013-05-31,DM,-0.0301907361569185
2013-06-30,DM,-0.0267793111510056
2013-07-31,DM,0.0532286149005905
2013-08-31,DM,-0.0195525546530266
2013-09-30,DM,0.0782491121187236
2013-10-31,DM,0.0326017232315616
2013-11-30,DM,0.0054646790545749
2013-12-31,DM,0.0217613706485642
2014-01-31,DM,-0.052012000581692
2014-02-28,DM,0.0613111637140246
2014-03-31,DM,-0.0045918310749154
2014-04-30,DM,0.0166667299555034
2014-05-31,DM,0.0159540637290489
2014-06-30,DM,0.0092076857098009
2014-07-31,DM,-0.0260349666011053
2014-08-31,DM,0.0018022360411269
2014-09-30,DM,-0.0388246649399356
2014-10-31,DM,-0.002651399299434
2014-11-30,DM,0.0006256018210779
2014-12-31,DM,-0.0399276011269191
2015-01-31,DM,0.0062457834043609
2015-02-28,DM,0.0633778101727686
2015-03-31,DM,-0.0142857107557664
2015-04-30,DM,0.0364657988213146
2015-05-31,DM,0.0019546150399989
2015-06-30,DM,-0.0311821755356478
2015-07-31,DM,0.020317867350216
2015-08-31,DM,-0.0742513587757229
2015-09-30,DM,-0.0441884822830529
2015-10-31,DM,0.066119862627145
2015-11-30,DM,-0.0075273607487444
2015-12-31,DM,-0.023318904643715
2016-01-31,DM,-0.055177166048239
2016-02-29,DM,-0.0333454399678161
2016-03-31,DM,0.0658213781054077
2016-04-30,DM,0.0222185359335567
2016-05-31,DM,-0.0008558479093765
2016-06-30,DM,-0.0241940487720234
2016-07-31,DM,0.0397707889507297
2016-08-31,DM,0.0053411351593286
2016-09-30,DM,0.0133675673293849
2016-10-31,DM,-0.0221543517399294
2016-11-30,DM,-0.0178140924658626
2016-12-31,DM,0.0270627023416596
2017-01-31,DM,0.0329118334620939
2017-02-28,DM,0.0119067941276886
2017-03-31,DM,0.0323169386475019
2017-04-30,DM,0.0242412912932952
2017-05-31,DM,0.0354233517977697
2017-06-30,DM,0.0029601863946686
2017-07-31,DM,0.0265338184090726
2017-08-31,DM,-0.0004483238056139
2017-09-30,DM,0.0236174639709239
2017-10-31,DM,0.0167928964012871
2017-11-30,DM,0.0068938865618073
2017-12-31,DM,0.0134884501303462
2018-01-31,DM,0.0502063162671744
2018-02-28,DM,-0.0483478340624922
2018-03-31,DM,-0.0083962257060011
2018-04-30,DM,0.015212483842846
2018-05-31,DM,-0.0189426561488845
2018-06-30,DM,-0.0158409566895684
2018-07-31,DM,0.0285200080193099
2018-08-31,DM,-0.022357672447243
2018-09-30,DM,0.0096527395692316
2018-10-31,DM,-0.0813355891334333
2018-11-30,DM,0.0049632714041563
2018-12-31,DM,-0.0534976707640503
2019-01-31,DM,0.0663491823490298
2019-02-28,DM,0.0253668575553147
2019-03-31,DM,0.0091800332600182
2019-04-30,DM,0.0292939763288009
2019-05-31,DM,-0.0503296307451367
2019-06-30,DM,0.0591165088273739
2019-07-31,DM,-0.0194737312401021
2019-08-31,DM,-0.0192398101452712
2019-09-30,DM,0.0316406701024545
2019-10-31,DM,0.0338905783269281
2019-11-30,DM,0.0112726305175383
2019-12-31,DM,0.0299540700775418
2020-01-31,DM,-0.0282258263694613
2020-02-29,DM,-0.0776526815900104
2020-03-31,DM,-0.1410668392667594
2020-04-30,DM,0.0581744164289654
2020-05-31,DM,0.0542689998487422
2020-06-30,DM,0.0351118562242809
2020-07-31,DM,0.0193856284636702
2020-08-31,DM,0.0472200385236107
2020-09-30,DM,-0.0204679421709437
2020-10-31,DM,-0.0355065704772634
2020-11-30,DM,0.1426941124540943
2020-12-31,DM,0.0501539622032776
2021-01-31,DM,-0.0078124762504183
2021-02-28,DM,0.0223789137822083
2021-03-31,DM,0.0251316168582356
2021-04-30,DM,0.0295240346415657
2021-05-31,DM,0.0348230008597356
2021-06-30,DM,-0.0107802988006645
2021-07-31,DM,0.007733309512059
2021-08-31,DM,0.0144673282966762
2021-09-30,DM,-0.0326140440544149
2021-10-31,DM,0.0317907468163232
2021-11-30,DM,-0.045347358549623
2021-12-31,DM,0.0439094952868521
2022-01-31,DM,-0.0363498954665505
2022-02-28,DM,-0.0342918914897024
2022-03-31,DM,0.0051900943929237
2022-04-30,DM,-0.0673913638581749
2022-05-31,DM,0.0199592007564879
2022-06-30,DM,-0.0876663686424
2022-07-31,DM,0.0516881297279743
2022-08-31,DM,-0.06116845886643
2022-09-30,DM,-0.0922204056012118
2022-10-31,DM,0.0589180111316243
2022-11-30,DM,0.1316810141156703
2022-12-31,DM,-0.018129063903734
2023-01-31,DM,0.090036636681742
2023-02-28,DM,-0.0307477810922671
2023-03-31,DM,0.0312906091554094
2023-04-30,DM,0.0293623439651609
2023-05-31,DM,-0.0400707236817313
2023-06-30,DM,0.0447005474963699
2023-07-31,DM,0.0270345829412375
2023-08-31,DM,-0.0393500693920964
2023-09-30,DM,-0.0364880471422888
2023-10-31,DM,-0.0290192072416874
2023-11-30,DM,0.0821875485580532
2023-12-31,DM,0.053509877725407
2024-01-31,DM,-0.0045121908477973
2024-02-29,DM,0.0298626444394363
2024-03-31,DM,0.0337864144258648
2024-04-30,DM,-0.0324318519149715
2024-05-31,DM,0.0506018507110248
2024-06-30,DM,-0.0182673630965001
2024-07-31,DM,0.025915968855132
2024-08-31,DM,0.0326033656282525
2024-09-30,DM,0.0078332079538938
2024-10-31,DM,-0.0527322615438291
2024-11-30,DM,-0.003155829966026
2024-12-31,DM,-0.029501604238404
2025-01-31,DM,0.0480094351851763
2025-02-28,DM,0.0295305985297762
2025-03-31,DM,0.001838642808851
2025-04-30,DM,0.0369510068980203
2025-05-31,DM,0.0479055465711824
2025-06-30,DM,0.0239621454719554
2025-07-31,DM,-0.0209196533590496
2025-08-31,DM,0.0452468559463932
2025-09-30,DM,0.0206602816485443
2025-10-31,DM,0.0119953097765805
2025-11-30,DM,0.0074082257744361
2025-12-31,DM,0.0271046863334141
2026-01-31,DM,0.049047169480886
2026-02-28,DM,0.0460591677592288
2026-03-31,DM,-0.0782881149483886
2026-04-30,DM,0.0534335820241114
2026-05-31,DM,0.0242377767742538
2026-06-30,DM,0.006906855473918
2026-07-31,DM,0.0047170341366939
2008-01-31,EM_BOND,0.0094722848592543
2008-02-29,EM_BOND,-0.0040650402795515
2008-03-31,EM_BOND,0.0009308664486951
2008-04-30,EM_BOND,0.0116166811859166
2008-05-31,EM_BOND,0.0010455221445426
2008-06-30,EM_BOND,-0.0198113681574325
2008-07-31,EM_BOND,0.0078785603436575
2008-08-31,EM_BOND,0.0071533013111717
2008-09-30,EM_BOND,-0.0714499355255816
2008-10-31,EM_BOND,-0.1939372564839153
2008-11-30,EM_BOND,0.0956856902597664
2008-12-31,EM_BOND,0.1770367969052584
2009-01-31,EM_BOND,-0.0696305804859995
2009-02-28,EM_BOND,-0.0560606003907373
2009-03-31,EM_BOND,0.0510866411433463
2009-04-30,EM_BOND,0.0772737800057166
2009-05-31,EM_BOND,0.0289987232230986
2009-06-30,EM_BOND,0.0095944852883025
2009-07-31,EM_BOND,0.0311193079104832
2009-08-31,EM_BOND,0.0243569521531978
2009-09-30,EM_BOND,0.0521263179753084
2009-10-31,EM_BOND,-0.0053229074518327
2009-11-30,EM_BOND,0.0079544518166205
2009-12-31,EM_BOND,0.0023719260875327
2010-01-31,EM_BOND,-0.0054036014385788
2010-02-28,EM_BOND,0.0132901878243334
2010-03-31,EM_BOND,0.0260934495398024
2010-04-30,EM_BOND,0.0050967208945129
2010-05-31,EM_BOND,-0.0181931331782138
2010-06-30,EM_BOND,0.0239438126968414
2010-07-31,EM_BOND,0.0405283063343138
2010-08-31,EM_BOND,0.0258830291117879
2010-09-30,EM_BOND,0.0161025239578977
2010-10-31,EM_BOND,0.0194379119772027
2010-11-30,EM_BOND,-0.0442523028066814
2010-12-31,EM_BOND,0.0037338577401309
2011-01-31,EM_BOND,-0.0103669041397639
2011-02-28,EM_BOND,-0.0006161666759484
2011-03-31,EM_BOND,0.0155248167620911
2011-04-30,EM_BOND,0.0170651807205524
2011-05-31,EM_BOND,0.014478124737306
2011-06-30,EM_BOND,0.0062221337978169
2011-07-31,EM_BOND,0.0197299132192048
2011-08-31,EM_BOND,0.0051536175801787
2011-09-30,EM_BOND,-0.0478987895184772
2011-10-31,EM_BOND,0.0515389148598472
2011-11-30,EM_BOND,-0.0128685195130622
2011-12-31,EM_BOND,0.0191206347092183
2012-01-31,EM_BOND,0.0113900180264028
2012-02-29,EM_BOND,0.0247084335499372
2012-03-31,EM_BOND,-0.0012141636553311
2012-04-30,EM_BOND,0.0178689584182434
2012-05-31,EM_BOND,-0.0277073550872301
2012-06-30,EM_BOND,0.0406479409498228
2012-07-31,EM_BOND,0.037428028016873
2012-08-31,EM_BOND,0.0123363502645597
2012-09-30,EM_BOND,0.0178543213874311
2012-10-31,EM_BOND,0.0062056916787134
2012-11-30,EM_BOND,0.0089629978729586
2012-12-31,EM_BOND,0.0071449621323034
2013-01-31,EM_BOND,-0.0285044512411958
2013-02-28,EM_BOND,0.0026423242018698
2013-03-31,EM_BOND,-0.0093650189303443
2013-04-30,EM_BOND,0.0356686730229383
2013-05-31,EM_BOND,-0.0492523614427335
2013-06-30,EM_BOND,-0.0444081888184768
2013-07-31,EM_BOND,0.0015586543858345
2013-08-31,EM_BOND,-0.0243095912112684
2013-09-30,EM_BOND,0.0315141946241721
2013-10-31,EM_BOND,0.0253506355589991
2013-11-30,EM_BOND,-0.02022386977868
2013-12-31,EM_BOND,0.0028634556575899
2014-01-31,EM_BOND,-0.0081357657500039
2014-02-28,EM_BOND,0.0344474826447351
2014-03-31,EM_BOND,0.011906182880224
2014-04-30,EM_BOND,0.010586395913829
2014-05-31,EM_BOND,0.0346735447468224
2014-06-30,EM_BOND,0.0004338948532827
2014-07-31,EM_BOND,-0.0025155455489828
2014-08-31,EM_BOND,0.0126989443933471
2014-09-30,EM_BOND,-0.0215882565043289
2014-10-31,EM_BOND,0.0197411616633067
2014-11-30,EM_BOND,-0.0041578458664254
2014-12-31,EM_BOND,-0.0271758980357541
2015-01-31,EM_BOND,0.0186856858383426
2015-02-28,EM_BOND,0.0095979736904376
2015-03-31,EM_BOND,0.0002318173582551
2015-04-30,EM_BOND,0.0123315281353117
2015-05-31,EM_BOND,-0.0030871818352866
2015-06-30,EM_BOND,-0.0181419570868803
2015-07-31,EM_BOND,0.0014793977269209
2015-08-31,EM_BOND,-0.011268563151239
2015-09-30,EM_BOND,-0.0106834901620236
2015-10-31,EM_BOND,0.0242608452718189
2015-11-30,EM_BOND,0.0030537026995764
2015-12-31,EM_BOND,-0.0151683464115307
2016-01-31,EM_BOND,0.0003786035774713
2016-02-29,EM_BOND,0.017542370517136
2016-03-31,EM_BOND,0.0331330737483774
2016-04-30,EM_BOND,0.0155481910357002
2016-05-31,EM_BOND,-0.0021583319396654
2016-06-30,EM_BOND,0.0417417847773358
2016-07-31,EM_BOND,0.0136885923333869
2016-08-31,EM_BOND,0.0132344384122473
2016-09-30,EM_BOND,0.0041283752975285
2016-10-31,EM_BOND,-0.017290727320571
2016-11-30,EM_BOND,-0.0431289858824703
2016-12-31,EM_BOND,0.0148687842119694
2017-01-31,EM_BOND,0.0173298676568807
2017-02-28,EM_BOND,0.0167608389265474
2017-03-31,EM_BOND,0.0051356325645925
2017-04-30,EM_BOND,0.0171020808052593
2017-05-31,EM_BOND,0.0076153894302375
2017-06-30,EM_BOND,-0.0071703229924753
2017-07-31,EM_BOND,0.0117890032864469
2017-08-31,EM_BOND,0.0198945903424168
2017-09-30,EM_BOND,-0.0018777422528944
2017-10-31,EM_BOND,0.0024314928194852
2017-11-30,EM_BOND,-0.0027194406722806
2017-12-31,EM_BOND,0.0124507042590802
2018-01-31,EM_BOND,-0.006374232564731
2018-02-28,EM_BOND,-0.021816619038494
2018-03-31,EM_BOND,0.0055258876041883
2018-04-30,EM_BOND,-0.0205070080535011
2018-05-31,EM_BOND,-0.0081024839704075
2018-06-30,EM_BOND,-0.0149275465508247
2018-07-31,EM_BOND,0.0257325031358937
2018-08-31,EM_BOND,-0.0231914487105475
2018-09-30,EM_BOND,0.0203098670700303
2018-10-31,EM_BOND,-0.0251493893018522
2018-11-30,EM_BOND,-0.0048836547905638
2018-12-31,EM_BOND,0.019073344256631
2019-01-31,EM_BOND,0.0478297032617995
2019-02-28,EM_BOND,0.0039837438496184
2019-03-31,EM_BOND,0.0150609946747652
2019-04-30,EM_BOND,0.0017694708672886
2019-05-31,EM_BOND,0.0049293744482608
2019-06-30,EM_BOND,0.0352647621112849
2019-07-31,EM_BOND,0.0073366227198112
2019-08-31,EM_BOND,0.0155212509103055
2019-09-30,EM_BOND,-0.0109674207184308
2019-10-31,EM_BOND,0.0057542339886642
2019-11-30,EM_BOND,-0.0094963950890689
2019-12-31,EM_BOND,0.0294597610942184
2020-01-31,EM_BOND,0.0123951403877646
2020-02-29,EM_BOND,-0.0125379336790429
2020-03-31,EM_BOND,-0.1497147941299663
2020-04-30,EM_BOND,0.0439277580827877
2020-05-31,EM_BOND,0.0627145915923996
2020-06-30,EM_BOND,0.0297650885947564
2020-07-31,EM_BOND,0.0385708246650453
2020-08-31,EM_BOND,0.0072539384219993
2020-09-30,EM_BOND,-0.0208126167729686
2020-10-31,EM_BOND,-0.004560040748296
2020-11-30,EM_BOND,0.0421988609766803
2020-12-31,EM_BOND,0.021554943001439
2021-01-31,EM_BOND,-0.0177720920724575
2021-02-28,EM_BOND,-0.0304700581769197
2021-03-31,EM_BOND,-0.0072850776637894
2021-04-30,EM_BOND,0.0240295972993551
2021-05-31,EM_BOND,0.0096399502340034
2021-06-30,EM_BOND,0.0085916372230971
2021-07-31,EM_BOND,0.0055751250181128
2021-08-31,EM_BOND,0.0089872338602134
2021-09-30,EM_BOND,-0.026379491714342
2021-10-31,EM_BOND,0.0015949883403247
2021-11-30,EM_BOND,-0.0188254321130737
2021-12-31,EM_BOND,0.0216285144389649
2022-01-31,EM_BOND,-0.0337431201467889
2022-02-28,EM_BOND,-0.0553010605874086
2022-03-31,EM_BOND,-0.0109662018019871
2022-04-30,EM_BOND,-0.0667205065711493
2022-05-31,EM_BOND,0.0081088166982452
2022-06-30,EM_BOND,-0.0615406714866487
2022-07-31,EM_BOND,0.0360290718558498
2022-08-31,EM_BOND,-0.0270773430796594
2022-09-30,EM_BOND,-0.0657508041622503
2022-10-31,EM_BOND,-0.0016324263584931
2022-11-30,EM_BOND,0.100766882010735
2022-12-31,EM_BOND,-0.0135853350157417
2023-01-31,EM_BOND,0.0392479506030702
2023-02-28,EM_BOND,-0.0269184029405115
2023-03-31,EM_BOND,0.0167217241808004
2023-04-30,EM_BOND,0.0027003415470379
2023-05-31,EM_BOND,-0.0118882817864716
2023-06-30,EM_BOND,0.0250274353886823
2023-07-31,EM_BOND,0.0172401263179813
2023-08-31,EM_BOND,-0.018458456287697
2023-09-30,EM_BOND,-0.0332818191682456
2023-10-31,EM_BOND,-0.0118903533358444
2023-11-30,EM_BOND,0.0623792733139767
2023-12-31,EM_BOND,0.0454835954298997
2024-01-31,EM_BOND,-0.0121269474584575
2024-02-29,EM_BOND,0.0078416755385586
2024-03-31,EM_BOND,0.0199739628129544
2024-04-30,EM_BOND,-0.0241199499726136
2024-05-31,EM_BOND,0.0260516049858157
2024-06-30,EM_BOND,-0.0023338949240082
2024-07-31,EM_BOND,0.0266857948659853
2024-08-31,EM_BOND,0.0226629191616529
2024-09-30,EM_BOND,0.0201455033210251
2024-10-31,EM_BOND,-0.0244110511404012
2024-11-30,EM_BOND,0.0182546135900862
2024-12-31,EM_BOND,-0.0222819494267197
2025-01-31,EM_BOND,0.0169588464882637
2025-02-28,EM_BOND,0.0213186245474261
2025-03-31,EM_BOND,-0.011501126232395
2025-04-30,EM_BOND,-0.0025501585362327
2025-05-31,EM_BOND,0.0116349758945089
2025-06-30,EM_BOND,0.0268860589918513
2025-07-31,EM_BOND,0.0068301798159284
2025-08-31,EM_BOND,0.0179646295906692
2025-09-30,EM_BOND,0.0157067757335349
2025-10-31,EM_BOND,0.0197578998505139
2025-11-30,EM_BOND,0.0049661753395937
2025-12-31,EM_BOND,0.0031636273357158
2026-01-31,EM_BOND,0.003115993142337
2026-02-28,EM_BOND,0.0162741396886194
2026-03-31,EM_BOND,-0.034902993178581
2026-04-30,EM_BOND,0.024872990778358
2026-05-31,EM_BOND,0.0109025699815623
2026-06-30,EM_BOND,0.0001036796339035
2026-07-31,EM_BOND,0.0016659311868976
2004-12-31,GOLD,-0.0292553130778427
2005-01-31,GOLD,-0.0360730147004325
2005-02-28,GOLD,0.0310278901164828
2005-03-31,GOLD,-0.0163105698227203
2005-04-30,GOLD,0.0123773653216756
2005-05-31,GOLD,-0.0392156172567582
2005-06-30,GOLD,0.0429771196939303
2005-07-31,GOLD,-0.0142725357155872
2005-08-31,GOLD,0.0135451152542813
2005-09-30,GOLD,0.0760368461068554
2005-10-31,GOLD,-0.0064239664273971
2005-11-30,GOLD,0.0581895874881879
2005-12-31,GOLD,0.0505092349084432
2006-01-31,GOLD,0.0992632561095059
2006-02-28,GOLD,-0.011111129799614
2006-03-31,GOLD,0.0362047224959101
2006-04-30,GOLD,0.1203097770627827
2006-05-31,GOLD,-0.0132123679419599
2006-06-30,GOLD,-0.0467072031434576
2006-07-31,GOLD,0.0315205017083899
2006-08-31,GOLD,-0.0137745239706553
2006-09-30,GOLD,-0.0452721087393861
2006-10-31,GOLD,0.0129477121566901
2006-11-30,GOLD,0.068891062343132
2006-12-31,GOLD,-0.0183258319049693
2007-01-31,GOLD,0.0256289000165479
2007-02-28,GOLD,0.0254512028270301
2007-03-31,GOLD,-0.0111312493350962
2007-04-30,GOLD,0.0205354201093623
2007-05-31,GOLD,-0.0231032271123837
2007-06-30,GOLD,-0.0193775443198087
2007-07-31,GOLD,0.023650293322754
2007-08-31,GOLD,0.0110958461374146
2007-09-30,GOLD,0.1050812664749683
2007-10-31,GOLD,0.0695143580717299
2007-11-30,GOLD,-0.0165352710040999
2007-12-31,GOLD,0.0664769711579875
2008-01-31,GOLD,0.1084162326056787
2008-02-29,GOLD,0.0522975787691148
2008-03-31,GOLD,-0.0599916471694573
2008-04-30,GOLD,-0.0415883418198143
2008-05-31,GOLD,0.0092324917285127
2008-06-30,GOLD,0.0451687217321981
2008-07-31,GOLD,-0.0144420095490969
2008-08-31,GOLD,-0.0929174353513002
2008-09-30,GOLD,0.0411210457471424
2008-10-31,GOLD,-0.1613965370422935
2008-11-30,GOLD,0.1257359360970265
2008-12-31,GOLD,0.0773253551644286
2009-01-31,GOLD,0.0553629345975155
2009-02-28,GOLD,0.0144562449908858
2009-03-31,GOLD,-0.0253697349001528
2009-04-30,GOLD,-0.0333407418800356
2009-05-31,GOLD,0.1023261217907387
2009-06-30,GOLD,-0.052182918942994
2009-07-31,GOLD,0.0237990585839265
2009-08-31,GOLD,0.0005356513398515
2009-09-30,GOLD,0.0583511441028417
2009-10-31,GOLD,0.0372281270812482
2009-11-30,GOLD,0.1278650225927708
2009-12-31,GOLD,-0.0720339145193764
2010-01-31,GOLD,-0.0125803606824608
2010-02-28,GOLD,0.0327482186738865
2010-03-31,GOLD,-0.004386396377547
2010-04-30,GOLD,0.0588343629339844
2010-05-31,GOLD,0.0305131468831714
2010-06-30,GOLD,0.0235531890683762
2010-07-31,GOLD,-0.0508711573461669
2010-08-31,GOLD,0.0570612528286531
2010-09-30,GOLD,0.0477555844004882
2010-10-31,GOLD,0.0368226981489279
2010-11-30,GOLD,0.0211129780941676
2010-12-31,GOLD,0.0243686537910068
2011-01-31,GOLD,-0.0637976212920824
2011-02-28,GOLD,0.0599831280342515
2011-03-31,GOLD,0.0159813808638429
2011-04-30,GOLD,0.0894465497800807
2011-05-31,GOLD,-0.0179168853122259
2011-06-30,GOLD,-0.0243250427993535
2011-07-31,GOLD,0.084178036206389
2011-08-31,GOLD,0.1227494393751578
2011-09-30,GOLD,-0.1106234724683263
2011-10-31,GOLD,0.0587118747477946
2011-11-30,GOLD,0.0166726939523071
2011-12-31,GOLD,-0.1066243394405559
2012-01-31,GOLD,0.1139548091286086
2012-02-29,GOLD,-0.0296497805495723
2012-03-31,GOLD,-0.0132083404810052
2012-04-30,GOLD,-0.0014803247076433
2012-05-31,GOLD,-0.0633803401047113
2012-06-30,GOLD,0.0235457554358808
2012-07-31,GOLD,0.0083768479367647
2012-08-31,GOLD,0.0493960985123533
2012-09-30,GOLD,0.046705627280061
2012-10-31,GOLD,-0.0294374168163413
2012-11-30,GOLD,-0.0046754107219081
2012-12-31,GOLD,-0.0242697904560755
2013-01-31,GOLD,-0.0050611486396444
2013-02-28,GOLD,-0.0508684683838737
2013-03-31,GOLD,0.009477104236877
2013-04-30,GOLD,-0.0756231330952718
2013-05-31,GOLD,-0.061987853461336
2013-06-30,GOLD,-0.1105883942733508
2013-07-31,GOLD,0.0743010530498811
2013-08-31,GOLD,0.0520474842166751
2013-09-30,GOLD,-0.0478383796983515
2013-10-31,GOLD,-0.0034326325257689
2013-11-30,GOLD,-0.0551119542293657
2013-12-31,GOLD,-0.0379452718927915
2014-01-31,GOLD,0.0341887142387744
2014-02-28,GOLD,0.0627030280482701
2014-03-31,GOLD,-0.0314214233656868
2014-04-30,GOLD,0.0049348807324614
2014-05-31,GOLD,-0.0305103918715441
2014-06-30,GOLD,0.0631901765479774
2014-07-31,GOLD,-0.0363167302429715
2014-08-31,GOLD,0.0038090706137288
2014-09-30,GOLD,-0.0617632931388792
2014-10-31,GOLD,-0.0305481064480759
2014-11-30,GOLD,-0.004881972606777
2014-12-31,GOLD,0.0131121328400687
2015-01-31,GOLD,0.0868990575635726
2015-02-28,GOLD,-0.0590521949481231
2015-03-31,GOLD,-0.0215220378889802
2015-04-30,GOLD,-0.0016716737223684
2015-05-31,GOLD,0.0055521040507666
2015-06-30,GOLD,-0.0151621012329061
2015-07-31,GOLD,-0.0662098625928222
2015-08-31,GOLD,0.0370723280123401
2015-09-30,GOLD,-0.0180113866014454
2015-10-31,GOLD,0.022833636790845
2015-11-30,GOLD,-0.0675206283326248
2015-12-31,GOLD,-0.0045133348973392
2016-01-31,GOLD,0.0541099735196992
2016-02-29,GOLD,0.1093034387561839
2016-03-31,GOLD,-0.0084288604614343
2016-04-30,GOLD,0.0510880837080258
2016-05-31,GOLD,-0.0613829670329331
2016-06-30,GOLD,0.0896950187927911
2016-07-31,GOLD,0.0198465603116089
2016-08-31,GOLD,-0.0325631655091257
2016-09-30,GOLD,0.0068921351079083
2016-10-31,GOLD,-0.0294491958469957
2016-11-30,GOLD,-0.083565706391573
2016-12-31,GOLD,-0.0191498826814178
2017-01-31,GOLD,0.0541921577258459
2017-02-28,GOLD,0.031847686784806
2017-03-31,GOLD,-0.0042774647477253
2017-04-30,GOLD,0.0172674814798248
2017-05-31,GOLD,-0.0012419798017191
2017-06-30,GOLD,-0.0215553477392811
2017-07-31,GOLD,0.0231317016995864
2017-08-31,GOLD,0.0419875751124159
2017-09-30,GOLD,-0.0336989180897602
2017-10-31,GOLD,-0.0074848136897867
2017-11-30,GOLD,0.003563440057186
2017-12-31,GOLD,0.0210570031700103
2018-01-31,GOLD,0.0323493728316923
2018-02-28,GOLD,-0.0207599020305664
2018-03-31,GOLD,0.0063200073242186
2018-04-30,GOLD,-0.0095397453605439
2018-05-31,GOLD,-0.0119592094675773
2018-06-30,GOLD,-0.0361494476312093
2018-07-31,GOLD,-0.0224189096325396
2018-08-31,GOLD,-0.0213811171067682
2018-09-30,GOLD,-0.006607347245927
2018-10-31,GOLD,0.0211954535683758
2018-11-30,GOLD,0.0033868813241899
2018-12-31,GOLD,0.0494201059306491
2019-01-31,GOLD,0.0288659793814431
2019-02-28,GOLD,-0.0060922014928294
2019-03-31,GOLD,-0.0159689955774862
2019-04-30,GOLD,-0.0066388425031241
2019-05-31,GOLD,0.0175742981554867
2019-06-30,GOLD,0.0800291491984899
2019-07-31,GOLD,7.514839229982861e-05
2019-08-31,GOLD,0.0791231345612986
2019-09-30,GOLD,-0.0339478600543478
2019-10-31,GOLD,0.0256354697470075
2019-11-30,GOLD,-0.0320858828928857
2019-12-31,GOLD,0.0365587789338395
2020-01-31,GOLD,0.0449965584969034
2020-02-29,GOLD,-0.0063617286318456
2020-03-31,GOLD,-0.0022240316767432
2020-04-30,GOLD,0.0726106030287743
2020-05-31,GOLD,0.0258816154368208
2020-06-30,GOLD,0.0273770263017645
2020-07-31,GOLD,0.107904630970137
2020-08-31,GOLD,-0.0032356731296194
2020-09-30,GOLD,-0.0417140433776253
2020-10-31,GOLD,-0.0051942084141127
2020-11-30,GOLD,-0.0540862596160899
2020-12-31,GOLD,0.0701386126467504
2021-01-31,GOLD,-0.0322381698829523
2021-02-28,GOLD,-0.0625688141681758
2021-03-31,GOLD,-0.011433105943016
2021-04-30,GOLD,0.035633887903232
2021-05-31,GOLD,0.0767837796662593
2021-06-30,GOLD,-0.0714766209832552
2021-07-31,GOLD,0.0252973635083255
2021-08-31,GOLD,-0.0007655451490135
2021-09-30,GOLD,-0.0322352592492413
2021-10-31,GOLD,0.0147971785270872
2021-11-30,GOLD,-0.0069006536969854
2021-12-31,GOLD,0.0329909771230645
2022-01-31,GOLD,-0.0167876126770399
2022-02-28,GOLD,0.061217257237826
2022-03-31,GOLD,0.0127255799503041
2022-04-30,GOLD,-0.0207029635246933
2022-05-31,GOLD,-0.0326154776610677
2022-06-30,GOLD,-0.0156596510771248
2022-07-31,GOLD,-0.0258815174913124
2022-08-31,GOLD,-0.029433282458307
2022-09-30,GOLD,-0.0288818106367754
2022-10-31,GOLD,-0.0178444077035625
2022-11-30,GOLD,0.0849186596373046
2022-12-31,GOLD,0.0293064856659408
2023-01-31,GOLD,0.0575925743198104
2023-02-28,GOLD,-0.0536759639164219
2023-03-31,GOLD,0.0791612824716614
2023-04-30,GOLD,0.0086235226532469
2023-05-31,GOLD,-0.013419890078922
2023-06-30,GOLD,-0.0222137060611
2023-07-31,GOLD,0.0228866423586269
2023-08-31,GOLD,-0.0127776350593155
2023-09-30,GOLD,-0.0476058611311219
2023-10-31,GOLD,0.0737241155709336
2023-11-30,GOLD,0.0253137256494704
2023-12-31,GOLD,0.0128211823520281
2024-01-31,GOLD,-0.0142281803983663
2024-02-29,GOLD,0.0045635480195191
2024-03-31,GOLD,0.0866832384646261
2024-04-30,GOLD,0.0298949730701512
2024-05-31,GOLD,0.0161892104291272
2024-06-30,GOLD,-0.0013469974027457
2024-07-31,GOLD,0.0536719633493827
2024-08-31,GOLD,0.0209224902693649
2024-09-30,GOLD,0.0508885149125326
2024-10-31,GOLD,0.0429934874237092
2024-11-30,GOLD,-0.0312413646032079
2024-12-31,GOLD,-0.014088486936242
2025-01-31,GOLD,0.0678560787364339
2025-02-28,GOLD,0.0182162418763589
2025-03-31,GOLD,0.0944658588999831
2025-04-30,GOLD,0.0542443727723991
2025-05-31,GOLD,-0.0005595776946504
2025-06-30,GOLD,0.0040513189855819
2025-07-31,GOLD,-0.0061345510598058
2025-08-31,GOLD,0.0498746246874683
2025-09-30,GOLD,0.1175841576862712
2025-10-31,GOLD,0.0355866707543355
2025-11-30,GOLD,0.0536781756702311
2025-12-31,GOLD,0.0217335066764479
2026-01-31,GOLD,0.1227322423054597
2026-02-28,GOLD,0.0872007792527387
2026-03-31,GOLD,-0.1105116102430555
2026-04-30,GOLD,-0.0154082241073472
2026-05-31,GOLD,-0.0154369269895439
2026-06-30,GOLD,-0.1168488463869533
2026-07-31,GOLD,0.0264672345696439
2008-02-29,HK,0.0292248100230465
2008-03-31,HK,-0.0489709826044695
2008-04-30,HK,0.1189958266079791
2008-05-31,HK,-0.0406033312421407
2008-06-30,HK,-0.0943166855305662
2008-07-31,HK,0.028037121987535
2008-08-31,HK,-0.0614717083984283
2008-09-30,HK,-0.1452952321684026
2008-10-31,HK,-0.2428495477123311
2008-11-30,HK,0.0007129786774087
2008-12-31,HK,0.0363247973957705
2009-01-31,HK,-0.0790378259325319
2009-02-28,HK,-0.031343437033715
2009-03-31,HK,0.0631741936782572
2009-04-30,HK,0.1289857704230661
2009-05-31,HK,0.1835682740130986
2009-06-30,HK,0.0173538706482785
2009-07-31,HK,0.1140723451729763
2009-08-31,HK,-0.0382776873337263
2009-09-30,HK,0.0646768142419103
2009-10-31,HK,0.0210282897511298
2009-11-30,HK,0.0068647295312871
2009-12-31,HK,0.0022728220526293
2010-01-31,HK,-0.0816327506178504
2010-02-28,HK,0.0271603071970309
2010-03-31,HK,0.0312501672827549
2010-04-30,HK,-0.00932384476611
2010-05-31,HK,-0.0541179404813386
2010-06-30,HK,0.0223881848219189
2010-07-31,HK,0.041362595976554
2010-08-31,HK,-0.023364488898857
2010-09-30,HK,0.0980862363884937
2010-10-31,HK,0.0087143772378641
2010-11-30,HK,0.0021600457776052
2010-12-31,HK,0.0
2011-01-31,HK,0.0193962066722321
2011-02-28,HK,-0.0042278793844113
2011-03-31,HK,0.008492227839804
2011-04-30,HK,0.0021055387219972
2011-05-31,HK,0.0105040142868815
2011-06-30,HK,-0.0498958480260817
2011-07-31,HK,0.0
2011-08-31,HK,-0.0809629785847818
2011-09-30,HK,-0.1361904869629272
2011-10-31,HK,0.1003307401769233
2011-11-30,HK,-0.0931863799000571
2011-12-31,HK,0.0265194927203571
2012-01-31,HK,0.1033367134521885
2012-02-29,HK,0.0658540204522779
2012-03-31,HK,-0.0480553488734566
2012-04-30,HK,0.0216349508079856
2012-05-31,HK,-0.1068236104522688
2012-06-30,HK,0.0516332121605582
2012-07-31,HK,0.0170341246275351
2012-08-31,HK,-0.0123153455089236
2012-09-30,HK,0.0723193343875692
2012-10-31,HK,0.013953309805184
2012-11-30,HK,0.0206419753557234
2012-12-31,HK,0.0269668251663144
2013-01-31,HK,0.0481395734732332
2013-02-28,HK,-0.0313148805871766
2013-03-31,HK,-0.0258619928389577
2013-04-30,HK,0.0177282276107881
2013-05-31,HK,-0.006564874853644
2013-06-30,HK,-0.0594709365975044
2013-07-31,HK,0.0491799813374014
2013-08-31,HK,-0.004464330980458
2013-09-30,HK,0.058296094916594
2013-10-31,HK,0.0138055091174416
2013-11-30,HK,0.0321198474241906
2013-12-31,HK,-0.0269709118558261
2014-01-31,HK,-0.0533049168768315
2014-02-28,HK,0.0360358584671234
2014-03-31,HK,-0.0260869576101019
2014-04-30,HK,-1.49719125634995e-05
2014-05-31,HK,0.0561799550591717
2014-06-30,HK,0.0106382570965264
2014-07-31,HK,0.0757892946059939
2014-08-31,HK,0.0
2014-09-30,HK,-0.0684928463620294
2014-10-31,HK,0.0459668743137011
2014-11-30,HK,0.0
2014-12-31,HK,-0.0123970668185658
2015-01-31,HK,0.0355650830097735
2015-02-28,HK,0.0141416541979637
2015-03-31,HK,0.0079680710131571
2015-04-30,HK,0.127576200194122
2015-05-31,HK,-0.0194005058552791
2015-06-30,HK,-0.0341725394466886
2015-07-31,HK,-0.0614525892619497
2015-08-31,HK,-0.1130953209636094
2015-09-30,HK,-0.0335570096510972
2015-10-31,HK,0.0866966520729846
2015-11-30,HK,-0.0284464689426776
2015-12-31,HK,-0.0045043077981415
2016-01-31,HK,-0.1022624962963008
2016-02-29,HK,-0.0272178643614945
2016-03-31,HK,0.0906734809156348
2016-04-30,HK,0.0122313403648348
2016-05-31,HK,-0.0023640670889463
2016-06-30,HK,0.0118484089825154
2016-07-31,HK,0.0515222643475878
2016-08-31,HK,0.0534520128017068
2016-09-30,HK,0.0147991037467736
2016-10-31,HK,-0.0116998824172661
2016-11-30,HK,-0.0043290954308506
2016-12-31,HK,-0.0391304706563572
2017-01-31,HK,0.0656108373735244
2017-02-28,HK,0.0212313205553535
2017-03-31,HK,0.0166322627048118
2017-04-30,HK,0.0204745701007993
2017-05-31,HK,0.0483873589311545
2017-06-30,HK,0.0096149870883208
2017-07-31,HK,0.0628574432254653
2017-08-31,HK,0.0304659717294393
2017-09-30,HK,-0.0121742916155236
2017-10-31,HK,0.0291584349480875
2017-11-30,HK,0.0351490867305608
2017-12-31,HK,0.020373484126694
2018-01-31,HK,0.101497725870207
2018-02-28,HK,-0.0604230631111465
2018-03-31,HK,-0.0225081519629408
2018-04-30,HK,0.0267947589784693
2018-05-31,HK,-0.0032206971631741
2018-06-30,HK,-0.0484650176513916
2018-07-31,HK,-0.0050935550052458
2018-08-31,HK,-0.0221843325440883
2018-09-30,HK,0.0
2018-10-31,HK,-0.0978135576228838
2018-11-30,HK,0.0658684634353881
2018-12-31,HK,-0.0243445368070395
2019-01-31,HK,0.08061391421739
2019-02-28,HK,0.026643246241174
2019-03-31,HK,0.0173007564644807
2019-04-30,HK,0.0204254857306291
2019-05-31,HK,-0.0837521482245869
2019-06-30,HK,0.0639854907168213
2019-07-31,HK,-0.0206184994373712
2019-08-31,HK,-0.0701754088949302
2019-09-30,HK,0.0169811516572482
2019-10-31,HK,0.0329012539855635
2019-11-30,HK,-0.02033292080066
2019-12-31,HK,0.0773586459644923
2020-01-31,HK,-0.0718039867728893
2020-02-29,HK,-0.0018866991469911
2020-03-31,HK,-0.0982985040073416
2020-04-30,HK,0.0415618640023551
2020-05-31,HK,-0.0626263057134773
2020-06-30,HK,0.0732756008282133
2020-07-31,HK,0.0144580978189547
2020-08-31,HK,0.0229611429372458
2020-09-30,HK,-0.0603713520562589
2020-10-31,HK,0.0250073784820759
2020-11-30,HK,0.0957096759601037
2020-12-31,HK,0.0331325396662924
2021-01-31,HK,0.0371718505604621
2021-02-28,HK,0.0267042195336726
2021-03-31,HK,-0.0191649412281675
2021-04-30,HK,0.0093570987342197
2021-05-31,HK,0.0208333693777238
2021-06-30,HK,-0.0054421501435013
2021-07-31,HK,-0.093023183759161
2021-08-31,HK,-0.0037708162241859
2021-09-30,HK,-0.0454199547483267
2021-10-31,HK,0.0332065277912485
2021-11-30,HK,-0.0744513651550814
2021-12-31,HK,-0.0042337024010169
2022-01-31,HK,0.0204081170724419
2022-02-28,HK,-0.0466667479999859
2022-03-31,HK,-0.0262235991063287
2022-04-30,HK,-0.0437782157280796
2022-05-31,HK,0.0188504504898461
2022-06-30,HK,0.0305272188354412
2022-07-31,HK,-0.0718133554243904
2022-08-31,HK,-0.0087040429874233
2022-09-30,HK,-0.1273171713766488
2022-10-31,HK,-0.1416944402283765
2022-11-30,HK,0.2618086448419114
2022-12-31,HK,0.0652405346318876
2023-01-31,HK,0.1044175361214547
2023-02-28,HK,-0.0913635432702927
2023-03-31,HK,0.0295147317111676
2023-04-30,HK,-0.0233090403039376
2023-05-31,HK,-0.0760000471026012
2023-06-30,HK,0.0416667958309666
2023-07-31,HK,0.0670129931967691
2023-08-31,HK,-0.0783835739829806
2023-09-30,HK,-0.0258848731031148
2023-10-31,HK,-0.036861755386558
2023-11-30,HK,-0.0017418659858091
2023-12-31,HK,0.0
2024-01-31,HK,-0.0913322523987287
2024-02-29,HK,0.0646607087483255
2024-03-31,HK,0.0072157677346904
2024-04-30,HK,0.0740754091468776
2024-05-31,HK,0.0257847396466828
2024-06-30,HK,-0.0098361525592411
2024-07-31,HK,-0.0088301259571298
2024-08-31,HK,0.0361917249576106
2024-09-30,HK,0.1724878293251113
2024-10-31,HK,-0.0343782075895138
2024-11-30,HK,-0.0420333228414214
2024-12-31,HK,0.0326530661747004
2025-01-31,HK,0.0108696524502496
2025-02-28,HK,0.1319647568579296
2025-03-31,HK,0.0129533158033703
2025-04-30,HK,-0.0417052336029092
2025-05-31,HK,0.059299176174665
2025-06-30,HK,0.039864256920346
2025-07-31,HK,0.0301793978518845
2025-08-31,HK,0.0142518709244594
2025-09-30,HK,0.0741608327231122
2025-10-31,HK,-0.033346734698372
2025-11-30,HK,-0.0007674542196489
2025-12-31,HK,-0.0084485540244447
2026-01-31,HK,0.0689388355435267
2026-02-28,HK,-0.0253623458293742
2026-03-31,HK,-0.0676580092934353
2026-04-30,HK,0.0403034433748801
2026-05-31,HK,-0.0193050195893544
2026-06-30,HK,-0.0834645261308644
2026-07-31,HK,0.0223367068332318
2004-01-31,TIPS,0.0121917878298289
2004-02-29,TIPS,0.0214665900794568
2004-03-31,TIPS,0.0166408637195489
2004-04-30,TIPS,-0.0482189850343445
2004-05-31,TIPS,0.0201958204645003
2004-06-30,TIPS,-0.0014106551950134
2004-07-31,TIPS,0.0080976474932108
2004-08-31,TIPS,0.0269183595510549
2004-09-30,TIPS,0.0008264097180834
2004-10-31,TIPS,0.0109411746186887
2004-11-30,TIPS,-0.0032520185316495
2004-12-31,TIPS,0.0175894767296875
2005-01-31,TIPS,9.484319398800344e-05
2005-02-28,TIPS,-0.0052802953387904
2005-03-31,TIPS,0.0021864232901114
2005-04-30,TIPS,0.0177763012648792
2005-05-31,TIPS,0.0075977199310257
2005-06-30,TIPS,0.0051740398757451
2005-07-31,TIPS,-0.0247126145916363
2005-08-31,TIPS,0.0253111776954251
2005-09-30,TIPS,-0.0015463236479268
2005-10-31,TIPS,-0.0131199749909635
2005-11-30,TIPS,0.0017648655047191
2005-12-31,TIPS,0.0103355214490972
2006-01-31,TIPS,0.0002922523911621
2006-02-28,TIPS,0.0
2006-03-31,TIPS,-0.0213906862246026
2006-04-30,TIPS,-0.0023468536342798
2006-05-31,TIPS,0.0029676936345686
2006-06-30,TIPS,0.0042766846773372
2006-07-31,TIPS,0.0151091748539375
2006-08-31,TIPS,0.016628363349832
2006-09-30,TIPS,0.0011087783145411
2006-10-31,TIPS,-0.000734508344786
2006-11-30,TIPS,0.0107231240829996
2006-12-31,TIPS,-0.023039907052751
2007-01-31,TIPS,0.00232869079792
2007-02-28,TIPS,0.0197914355175314
2007-03-31,TIPS,0.0032568095197487
2007-04-30,TIPS,0.0066459136639793
2007-05-31,TIPS,-0.013116265505187
2007-06-30,TIPS,-0.002146798548002
2007-07-31,TIPS,0.0230077384194429
2007-08-31,TIPS,0.0082216020118688
2007-09-30,TIPS,0.0128046323673765
2007-10-31,TIPS,0.0116615471134415
2007-11-30,TIPS,0.0411787990630605
2007-12-31,TIPS,0.0006239060911576
2008-01-31,TIPS,0.0357273090241299
2008-02-29,TIPS,0.0142275793746284
2008-03-31,TIPS,-0.0013993304654464
2008-04-30,TIPS,-0.0139969961872002
2008-05-31,TIPS,0.0010685095117142
2008-06-30,TIPS,0.0178946746431352
2008-07-31,TIPS,-0.0060960837718033
2008-08-31,TIPS,0.0078086405461057
2008-09-30,TIPS,-0.0402197231819928
2008-10-31,TIPS,-0.0808962248973665
2008-11-30,TIPS,0.0087694937985758
2008-12-31,TIPS,0.065035066099458
2009-01-31,TIPS,-0.0004033762279663
2009-02-28,TIPS,-0.0219753584691279
2009-03-31,TIPS,0.0590600603328286
2009-04-30,TIPS,-0.0179520902682857
2009-05-31,TIPS,0.0199670465472461
2009-06-30,TIPS,0.0019822882538644
2009-07-31,TIPS,0.0008782320480846
2009-08-31,TIPS,0.0084132997949115
2009-09-30,TIPS,0.0202304223573657
2009-10-31,TIPS,0.0114455491441081
2009-11-30,TIPS,0.0279932230547148
2009-12-31,TIPS,-0.0208918903768351
2010-01-31,TIPS,0.0153028265315491
2010-02-28,TIPS,-0.0130312252466414
2010-03-31,TIPS,-5.769279268608152e-05
2010-04-30,TIPS,0.0251502638007281
2010-05-31,TIPS,0.0019166989799594
2010-06-30,TIPS,0.0127989649394759
2010-07-31,TIPS,-0.0024295417341673
2010-08-31,TIPS,0.0194195764127746
2010-09-30,TIPS,0.0078561569644801
2010-10-31,TIPS,0.0247414777354124
2010-11-30,TIPS,-0.0169261515537735
2010-12-31,TIPS,-0.0138762389888724
2011-01-31,TIPS,0.0001856489954883
2011-02-28,TIPS,0.0072083120759742
2011-03-31,TIPS,0.011902981398395
2011-04-30,TIPS,0.0237799902325834
2011-05-31,TIPS,0.0026589340821194
2011-06-30,TIPS,0.0075491615812983
2011-07-31,TIPS,0.038995511676118
2011-08-31,TIPS,0.0064358459817634
2011-09-30,TIPS,-8.74466384365169e-05
2011-10-31,TIPS,0.0207046827421344
2011-11-30,TIPS,0.0052528112035001
2011-12-31,TIPS,0.0016400054772418
2012-01-31,TIPS,0.0228806346471326
2012-02-29,TIPS,-0.0057811776920929
2012-03-31,TIPS,-0.0085948521418957
2012-04-30,TIPS,0.0178474264612626
2012-05-31,TIPS,0.0194629106272596
2012-06-30,TIPS,-0.0066881150243069
2012-07-31,TIPS,0.0175457907516973
2012-08-31,TIPS,-0.002470607666412
2012-09-30,TIPS,0.005118057129053
2012-10-31,TIPS,0.0062419515174896
2012-11-30,TIPS,0.0055795171415464
2012-12-31,TIPS,-0.0082175122455617
2013-01-31,TIPS,-0.0051886168239427
2013-02-28,TIPS,0.0019041507182036
2013-03-31,TIPS,0.0021486217285719
2013-04-30,TIPS,0.0079212434779756
2013-05-31,TIPS,-0.0419326165860374
2013-06-30,TIPS,-0.0380202915046089
2013-07-31,TIPS,0.0090205923358077
2013-08-31,TIPS,-0.0182628553482335
2013-09-30,TIPS,0.017561866075223
2013-10-31,TIPS,0.0034388385871015
2013-11-30,TIPS,-0.0105671751661418
2013-12-31,TIPS,-0.0145266031297799
2014-01-31,TIPS,0.0210194009736734
2014-02-28,TIPS,0.0043664408871373
2014-03-31,TIPS,-0.0053235985048284
2014-04-30,TIPS,0.013202916676499
2014-05-31,TIPS,0.0200133123869339
2014-06-30,TIPS,0.0036981692272815
2014-07-31,TIPS,-0.0009219708275177
2014-08-31,TIPS,0.0060754608415685
2014-09-30,TIPS,-0.0259524956122396
2014-10-31,TIPS,0.0090122860190622
2014-11-30,TIPS,0.0015920448565172
2014-12-31,TIPS,-0.0105123989321368
2015-01-31,TIPS,0.0323183400383519
2015-02-28,TIPS,-0.0128854738576204
2015-03-31,TIPS,-0.0048187597106988
2015-04-30,TIPS,0.0067785659368355
2015-05-31,TIPS,-0.0100555437298839
2015-06-30,TIPS,-0.0102471793914603
2015-07-31,TIPS,0.0053551275722105
2015-08-31,TIPS,-0.0094985691728138
2015-09-30,TIPS,-0.0052306043018689
2015-10-31,TIPS,0.0030012432060293
2015-11-30,TIPS,-0.0014416295869146
2015-12-31,TIPS,-0.0101088561722078
2016-01-31,TIPS,0.0156823242766832
2016-02-29,TIPS,0.0122081304250682
2016-03-31,TIPS,0.0166726719006991
2016-04-30,TIPS,0.0020929389148989
2016-05-31,TIPS,-0.006440877827438
2016-06-30,TIPS,0.0224880997236931
2016-07-31,TIPS,0.0063883017405121
2016-08-31,TIPS,-0.0034272015245327
2016-09-30,TIPS,0.0075074669694934
2016-10-31,TIPS,-0.0054083085270677
2016-11-30,TIPS,-0.0207146666629222
2016-12-31,TIPS,-0.000406418308486
2017-01-31,TIPS,0.0089246658506305
2017-02-28,TIPS,0.0041160659508929
2017-03-31,TIPS,0.0
2017-04-30,TIPS,0.0044986700630738
2017-05-31,TIPS,-0.000401123533538
2017-06-30,TIPS,-0.0086701424678952
2017-07-31,TIPS,0.0046142795682635
2017-08-31,TIPS,0.0103748869538928
2017-09-30,TIPS,-0.0070200778237382
2017-10-31,TIPS,0.0023604798513285
2017-11-30,TIPS,0.0008630310650703
2017-12-31,TIPS,0.0093544982104931
2018-01-31,TIPS,-0.0085027086224684
2018-02-28,TIPS,-0.0103368222253538
2018-03-31,TIPS,0.0100966107836972
2018-04-30,TIPS,-0.0013126965067824
2018-05-31,TIPS,0.0032913350763914
2018-06-30,TIPS,0.0064740622617991
2018-07-31,TIPS,-0.0053275218926899
2018-08-31,TIPS,0.0064465435255591
2018-09-30,TIPS,-0.0097041619162964
2018-10-31,TIPS,-0.0151916151356695
2018-11-30,TIPS,0.0047907868069967
2018-12-31,TIPS,0.0053131546107025
2019-01-31,TIPS,0.0142455575587139
2019-02-28,TIPS,-0.0017106927094379
2019-03-31,TIPS,0.0197506665451752
2019-04-30,TIPS,0.0022115935258852
2019-05-31,TIPS,0.0175220199487211
2019-06-30,TIPS,0.0074933899996314
2019-07-31,TIPS,0.0031513179071562
2019-08-31,TIPS,0.0233106375155049
2019-09-30,TIPS,-0.011064196865627
2019-10-31,TIPS,-0.0002927859046563
2019-11-30,TIPS,0.0029302761078704
2019-12-31,TIPS,0.0034666256360227
2020-01-31,TIPS,0.021360642766943
2020-02-29,TIPS,0.0092235206484316
2020-03-31,TIPS,-0.0175785912487554
2020-04-30,TIPS,0.0302857384938983
2020-05-31,TIPS,0.0065116553220692
2020-06-30,TIPS,0.0098524811235534
2020-07-31,TIPS,0.0232519774205963
2020-08-31,TIPS,0.0088987878722739
2020-09-30,TIPS,-0.0037799999642404
2020-10-31,TIPS,-0.0067657886536451
2020-11-30,TIPS,0.0120729843681615
2020-12-31,TIPS,0.0109756963058151
2021-01-31,TIPS,0.0026633423821043
2021-02-28,TIPS,-0.0168762616153005
2021-03-31,TIPS,-0.0026225874110579
2021-04-30,TIPS,0.0142971988426741
2021-05-31,TIPS,0.0102391405553541
2021-06-30,TIPS,0.0072469537448376
2021-07-31,TIPS,0.0267581207697431
2021-08-31,TIPS,-0.0016411013827175
2021-09-30,TIPS,-0.0078011832296844
2021-10-31,TIPS,0.011095469507405
2021-11-30,TIPS,0.0086503027207529
2021-12-31,TIPS,0.004029556278297
2022-01-31,TIPS,-0.0205881167147835
2022-02-28,TIPS,0.0085565937202352
2022-03-31,TIPS,-0.0187552693241448
2022-04-30,TIPS,-0.0218308139042028
2022-05-31,TIPS,-0.0099220479762724
2022-06-30,TIPS,-0.0311552521092711
2022-07-31,TIPS,0.0430983699213267
2022-08-31,TIPS,-0.0270420544486196
2022-09-30,TIPS,-0.0673233384097822
2022-10-31,TIPS,0.014203745776893
2022-11-30,TIPS,0.0183290138497826
2022-12-31,TIPS,-0.0131735842244361
2023-01-31,TIPS,0.0207628480613326
2023-02-28,TIPS,-0.0135296360958235
2023-03-31,TIPS,0.0286432976690114
2023-04-30,TIPS,0.0005176547786638
2023-05-31,TIPS,-0.0119602463637982
2023-06-30,TIPS,-0.0033989190147785
2023-07-31,TIPS,0.0004108758998457
2023-08-31,TIPS,-0.0081262953639769
2023-09-30,TIPS,-0.0191680154248293
2023-10-31,TIPS,-0.0072335252130159
2023-11-30,TIPS,0.0277680225757956
2023-12-31,TIPS,0.0243582884789805
2024-01-31,TIPS,0.0033489635629431
2024-02-29,TIPS,-0.0104775662840312
2024-03-31,TIPS,0.0064656425433458
2024-04-30,TIPS,-0.0169082497075517
2024-05-31,TIPS,0.017770702347176
2024-06-30,TIPS,0.0076150986091954
2024-07-31,TIPS,0.0172742742109177
2024-08-31,TIPS,0.0079901488923659
2024-09-30,TIPS,0.014976149177988
2024-10-31,TIPS,-0.0184690145731675
2024-11-30,TIPS,0.0049807017586869
2024-12-31,TIPS,-0.0171439921771762
2025-01-31,TIPS,0.0137024968788732
2025-02-28,TIPS,0.0215719658227717
2025-03-31,TIPS,0.0067973470373583
2025-04-30,TIPS,0.0012591077734647
2025-05-31,TIPS,-0.0063189629191684
2025-06-30,TIPS,0.0093838099424112
2025-07-31,TIPS,9.115484133137564e-05
2025-08-31,TIPS,0.0161233835316818
2025-09-30,TIPS,0.0042166898186175
2025-10-31,TIPS,0.0032245894035027
2025-11-30,TIPS,0.0021709050451985
2025-12-31,TIPS,-0.0061906300140819
2026-01-31,TIPS,0.0051860860699939
2026-02-28,TIPS,0.0126719189499544
2026-03-31,TIPS,-0.0135859810497602
2026-04-30,TIPS,0.010873475852748
2026-05-31,TIPS,0.0019009316779239
2026-06-30,TIPS,-0.0160057225244806
2026-07-31,TIPS,-0.0003875522852384
1993-02-28,US,0.0106683977873631
1993-03-31,US,0.0223993350637641
1993-04-30,US,-0.0255875113341776
1993-05-31,US,0.0269689010367264
1993-06-30,US,0.0036074488563535
1993-07-31,US,-0.0048543570917121
1993-08-31,US,0.0383279792908428
1993-09-30,US,-0.0072758203730347
1993-10-31,US,0.0197270858580767
1993-11-30,US,-0.0106735210851118
1993-12-31,US,0.0122772599563441
1994-01-31,US,0.0348756112874835
1994-02-28,US,-0.0291631593468327
1994-03-31,US,-0.0419012824508129
1994-04-30,US,0.0112114087435668
1994-05-31,US,0.0159395425685497
1994-06-30,US,-0.0229141766324446
1994-07-31,US,0.0323258822805603
1994-08-31,US,0.0381207832404117
1994-09-30,US,-0.0252545871501613
1994-10-31,US,0.0284263744955528
1994-11-30,US,-0.0398159341402664
1994-12-31,US,0.0072825754319407
1995-01-31,US,0.0336077850495588
1995-02-28,US,0.0408097883751474
1995-03-31,US,0.027847229394192
1995-04-30,US,0.0296229500095104
1995-05-31,US,0.0396733588049638
1995-06-30,US,0.0202292917160986
1995-07-31,US,0.0321657542338689
1995-08-31,US,0.004451651248517
1995-09-30,US,0.0423761936527922
1995-10-31,US,-0.0029389391274968
1995-11-30,US,0.044480372787377
1995-12-31,US,0.0157328468370812
1996-01-31,US,0.0355782977486656
1996-02-29,US,0.0031900683761343
1996-03-31,US,0.0172182642038651
1996-04-30,US,0.0108697563733881
1996-05-31,US,0.0226997717618684
1996-06-30,US,0.0088222254535836
1996-07-31,US,-0.044936221308544
1996-08-31,US,0.0192591960104862
1996-09-30,US,0.0558722141255232
1996-10-31,US,0.0323313406061895
1996-11-30,US,0.0730042094141332
1996-12-31,US,-0.0237975802035058
1997-01-31,US,0.0617856102034868
1997-02-28,US,0.0095663119091389
1997-03-31,US,-0.044122988054467
1997-04-30,US,0.0626035468408368
1997-05-31,US,0.0632075476154225
1997-06-30,US,0.0411016455941017
1997-07-31,US,0.0792642361681563
1997-08-31,US,-0.0518040084918706
1997-09-30,US,0.048091304529428
1997-10-31,US,-0.0245030813274435
1997-11-30,US,0.0386964832705936
1997-12-31,US,0.0190714532105344
1998-01-31,US,0.0128781705123488
1998-02-28,US,0.0692950137609336
1998-03-31,US,0.0487828768632405
1998-04-30,US,0.0127916511384729
1998-05-31,US,-0.020768965148825
1998-06-30,US,0.0425730678926754
1998-07-31,US,-0.0135135933121071
1998-08-31,US,-0.1411793083900163
1998-09-30,US,0.0636390237392059
1998-10-31,US,0.0810815238502518
1998-11-30,US,0.0556813443076551
1998-12-31,US,0.06542245480515
1999-01-31,US,0.0352253422703907
1999-02-28,US,-0.0320686669957273
1999-03-31,US,0.0414680299309393
1999-04-30,US,0.0379743445926592
1999-05-31,US,-0.0228650927098928
1999-06-30,US,0.055377651269926
1999-07-31,US,-0.0310217468410749
1999-08-31,US,-0.0051780125648335
1999-09-30,US,-0.022337904564323
1999-10-31,US,0.0640774942923125
1999-11-30,US,0.0166516488076793
1999-12-31,US,0.0571096995886277
2000-01-31,US,-0.0497871344943917
2000-02-29,US,-0.0152262613007203
2000-03-31,US,0.096914546483966
2000-04-30,US,-0.035120799653364
2000-05-31,US,-0.0157221844070697
2000-06-30,US,0.0196810642518932
2000-07-31,US,-0.015701877903732
2000-08-31,US,0.065341001763296
2000-09-30,US,-0.0548625065166793
2000-10-31,US,-0.0046775871233946
2000-11-30,US,-0.0746531312203545
2000-12-31,US,-0.0052261747472545
2001-01-31,US,0.0444589947481139
2001-02-28,US,-0.0953876652606062
2001-03-31,US,-0.0560370160329061
2001-04-30,US,0.0854396152389005
2001-05-31,US,-0.0056052709774054
2001-06-30,US,-0.0238289824005563
2001-07-31,US,-0.0101961629830112
2001-08-31,US,-0.0593324697245684
2001-09-30,US,-0.0816306693140479
2001-10-31,US,0.0130218617541777
2001-11-30,US,0.077977368906946
2001-12-31,US,0.0056395585320212
2002-01-31,US,-0.0097991796321281
2002-02-28,US,-0.0179361021303003
2002-03-31,US,0.0332708649461583
2002-04-30,US,-0.0581557089382479
2002-05-31,US,-0.0059333813300637
2002-06-30,US,-0.0738070428434962
2002-07-31,US,-0.0788204144066981
2002-08-31,US,0.0068016007427944
2002-09-30,US,-0.1048527345254364
2002-10-31,US,0.0822842274612805
2002-11-30,US,0.061680945306469
2002-12-31,US,-0.0565698800717791
2003-01-31,US,-0.0245947465212078
2003-02-28,US,-0.0134784699311968
2003-03-31,US,0.0021393818407939
2003-04-30,US,0.0846124797635137
2003-05-31,US,0.05483533352471
2003-06-30,US,0.0106521009291029
2003-07-31,US,0.0180264614440335
2003-08-31,US,0.0206262960718688
2003-09-30,US,-0.0109061508027892
2003-10-31,US,0.0535265654373107
2003-11-30,US,0.0109211577489325
2003-12-31,US,0.0503128688715457
2004-01-31,US,0.0197708921743497
2004-02-29,US,0.0135699266639472
2004-03-31,US,-0.0132453860803124
2004-04-30,US,-0.0189213959580598
2004-05-31,US,0.0171229166052211
2004-06-30,US,0.0185014479358647
2004-07-31,US,-0.0322183667546925
2004-08-31,US,0.0024359506220144
2004-09-30,US,0.0100371748743075
2004-10-31,US,0.0128843548081416
2004-11-30,US,0.0445179358273075
2004-12-31,US,0.030120690324721
2005-01-31,US,-0.0224204944186834
2005-02-28,US,0.0209035934522257
2005-03-31,US,-0.0182926006270184
2005-04-30,US,-0.0187359016481406
2005-05-31,US,0.0322255192820593
2005-06-30,US,0.0015144166983622
2005-07-31,US,0.0382614364111941
2005-08-31,US,-0.0093746062337224
2005-09-30,US,0.0080258963406978
2005-10-31,US,-0.0236507703360566
2005-11-30,US,0.0439523554272851
2005-12-31,US,-0.0019139160821409
2006-01-31,US,0.0240144005020044
2006-02-28,US,0.0057255580377761
2006-03-31,US,0.016504072275316
2006-04-30,US,0.0126316469600051
2006-05-31,US,-0.0301209915524351
2006-06-30,US,0.0026083315071048
2006-07-31,US,0.0044780209934609
2006-08-31,US,0.0218225070813571
2006-09-30,US,0.0270016774999937
2006-10-31,US,0.0315167330249015
2006-11-30,US,0.0198850095483043
2006-12-31,US,0.0133709926481435
2007-01-31,US,0.015040826354596
2007-02-28,US,-0.0196174571942185
2007-03-31,US,0.0115890242423206
2007-04-30,US,0.0442956155931513
2007-05-31,US,0.0339199534090206
2007-06-30,US,-0.0146204955963745
2007-07-31,US,-0.0313102933609822
2007-08-31,US,0.012832701701793
2007-09-30,US,0.0387144366519058
2007-10-31,US,0.0135665890069922
2007-11-30,US,-0.0387328199882075
2007-12-31,US,-0.0112605308748114
2008-01-31,US,-0.0604607905336402
2008-02-29,US,-0.0258428072827113
2008-03-31,US,-0.0089423916911638
2008-04-30,US,0.0476624877176439
2008-05-31,US,0.0151163465690244
2008-06-30,US,-0.0835755908881997
2008-07-31,US,-0.0089857736989484
2008-08-31,US,0.0154538102828003
2008-09-30,US,-0.0941741431937437
2008-10-31,US,-0.1651863859201405
2008-11-30,US,-0.0696067099684482
2008-12-31,US,0.0097963481337803
2009-01-31,US,-0.0821142848664977
2009-02-28,US,-0.107448573241739
2009-03-31,US,0.0833099833231054
2009-04-30,US,0.0993462070251693
2009-05-31,US,0.0584536927281613
2009-06-30,US,-0.0006551248564494
2009-07-31,US,0.0746059458114773
2009-08-31,US,0.0369401768357684
2009-09-30,US,0.0354565989067747
2009-10-31,US,-0.0192252078393613
2009-11-30,US,0.0616068194201429
2009-12-31,US,0.0191008870419184
2010-01-31,US,-0.036342380583345
2010-02-28,US,0.0311948110696571
2010-03-31,US,0.0608798322089412
2010-04-30,US,0.015469889406563
2010-05-31,US,-0.0794543548457031
2010-06-30,US,-0.0517411713606253
2010-07-31,US,0.0683003011563863
2010-08-31,US,-0.0449800509828126
2010-09-30,US,0.0895545423090704
2010-10-31,US,0.0382016147320989
2010-11-30,US,0.0
2010-12-31,US,0.0668528019947736
2011-01-31,US,0.0233000995673509
2011-02-28,US,0.0347373095952316
2011-03-31,US,0.0001204788794499
2011-04-30,US,0.0289610641099309
2011-05-31,US,-0.0112145710032381
2011-06-30,US,-0.0168696390896988
2011-07-31,US,-0.0200046442081192
2011-08-31,US,-0.0549756689838916
2011-09-30,US,-0.0694206318599038
2011-10-31,US,0.1091475362444152
2011-11-30,US,-0.0040645224133012
2011-12-31,US,0.0104489450483973
2012-01-31,US,0.0463742396286681
2012-02-29,US,0.0434056204477812
2012-03-31,US,0.0321636580285049
2012-04-30,US,-0.0066756808007761
2012-05-31,US,-0.0600559148338579
2012-06-30,US,0.0405812824469991
2012-07-31,US,0.0118297151088655
2012-08-31,US,0.0250520810304126
2012-09-30,US,0.0253513075380156
2012-10-31,US,-0.0181982449858658
2012-11-30,US,0.0056595895558655
2012-12-31,US,0.0089343179085752
2013-01-31,US,0.051190175268454
2013-02-28,US,0.0127592796598912
2013-03-31,US,0.037970867095977
2013-04-30,US,0.0192125954833193
2013-05-31,US,0.0236099223860091
2013-06-30,US,-0.0133447822622276
2013-07-31,US,0.051677065903003
2013-08-31,US,-0.0299929338824566
2013-09-30,US,0.0316466926269107
2013-10-31,US,0.0463066674992014
2013-11-30,US,0.0296376591315341
2013-12-31,US,0.0259265710763043
2014-01-31,US,-0.0352478005497274
2014-02-28,US,0.0455154147230485
2014-03-31,US,0.0082956999754024
2014-04-30,US,0.0069513434036636
2014-05-31,US,0.0232061212516374
2014-06-30,US,0.0206454001249354
2014-07-31,US,-0.0134379318390263
2014-08-31,US,0.0394636507078343
2014-09-30,US,-0.0137962505907585
2014-10-31,US,0.0235503271986552
2014-11-30,US,0.0274724606678999
2014-12-31,US,-0.0025368194265611
2015-01-31,US,-0.0296288673599293
2015-02-28,US,0.0562044118772104
2015-03-31,US,-0.0157055790789406
2015-04-30,US,0.0098339560534426
2015-05-31,US,0.0128558626322468
2015-06-30,US,-0.0203119403692291
2015-07-31,US,0.0225891117801533
2015-08-31,US,-0.0609500715548886
2015-09-30,US,-0.0255160044786263
2015-10-31,US,0.0850596919119768
2015-11-30,US,0.003655420290586
2015-12-31,US,-0.017282689557982
2016-01-31,US,-0.0497864337490074
2016-02-29,US,-0.0008260177368178
2016-03-31,US,0.0672658072010008
2016-04-30,US,0.0039411474703034
2016-05-31,US,0.0170116690741608
2016-06-30,US,0.0034756656636858
2016-07-31,US,0.03647155715032
2016-08-31,US,0.0011976303815297
2016-09-30,US,5.7848638789437246e-05
2016-10-31,US,-0.0173370252143675
2016-11-30,US,0.0368385348272848
2016-12-31,US,0.0202716839463199
2017-01-31,US,0.0178947315853676
2017-02-28,US,0.0392912995717358
2017-03-31,US,0.0012500671565478
2017-04-30,US,0.0099263109542127
2017-05-31,US,0.014112851384642
2017-06-30,US,0.0063750149976713
2017-07-31,US,0.0205540626266318
2017-08-31,US,0.0029176592589472
2017-09-30,US,0.0201494694043284
2017-10-31,US,0.0235640599878685
2017-11-30,US,0.0305658833542394
2017-12-31,US,0.0121281114711213
2018-01-31,US,0.0563589857552737
2018-02-28,US,-0.0363602374164602
2018-03-31,US,-0.0274104205704168
2018-04-30,US,0.0051679520267322
2018-05-31,US,0.0243092051785429
2018-06-30,US,0.0057508297507122
2018-07-31,US,0.0370465523013774
2018-08-31,US,0.0319196379891806
2018-09-30,US,0.0059457455173901
2018-10-31,US,-0.0691044666371045
2018-11-30,US,0.0185493906267066
2018-12-31,US,-0.0880483791440687
2019-01-31,US,0.0800654185821478
2019-02-28,US,0.0324161419929804
2019-03-31,US,0.0181001291082643
2019-04-30,US,0.0408523531692712
2019-05-31,US,-0.0637709817653129
2019-06-30,US,0.0695863409525394
2019-07-31,US,0.0151196204262014
2019-08-31,US,-0.0167436822259574
2019-09-30,US,0.0194583073337943
2019-10-31,US,0.0221043361579582
2019-11-30,US,0.0361982689154019
2019-12-31,US,0.0290555998770725
2020-01-31,US,-0.0004040139682316
2020-02-29,US,-0.0791657756347918
2020-03-31,US,-0.1248710290217191
2020-04-30,US,0.12698336243143
2020-05-31,US,0.0476456036819765
2020-06-30,US,0.0177340580340223
2020-07-31,US,0.0588921562274287
2020-08-31,US,0.069796982391771
2020-09-30,US,-0.0374436483963509
2020-10-31,US,-0.0249336012019394
2020-11-30,US,0.1087768117465532
2020-12-31,US,0.037048364798766
2021-01-31,US,-0.0101905396917767
2021-02-28,US,0.0278055286188114
2021-03-31,US,0.0453991775862574
2021-04-30,US,0.0529105803307079
2021-05-31,US,0.0065662910036985
2021-06-30,US,0.02242713433297
2021-07-31,US,0.0244125825072565
2021-08-31,US,0.0297598646115253
2021-09-30,US,-0.0466053357945511
2021-10-31,US,0.0701634538978976
2021-11-30,US,-0.008034774099184
2021-12-31,US,0.0462476398852269
2022-01-31,US,-0.0527412485564038
2022-02-28,US,-0.0295171977477504
2022-03-31,US,0.037590540617834
2022-04-30,US,-0.0877690326219314
2022-05-31,US,0.0022569776072725
2022-06-30,US,-0.0824602042389562
2022-07-31,US,0.0920876742630092
2022-08-31,US,-0.0408020757371495
2022-09-30,US,-0.0924460026076078
2022-10-31,US,0.081275547928648
2022-11-30,US,0.0555916778271203
2022-12-31,US,-0.0576281594427052
2023-01-31,US,0.0628872141346115
2023-02-28,US,-0.0251425750163297
2023-03-31,US,0.0370776934035121
2023-04-30,US,0.015974919033844
2023-05-31,US,0.0046162009021268
2023-06-30,US,0.0647997917538703
2023-07-31,US,0.032733329717433
2023-08-31,US,-0.0162520807945799
2023-09-30,US,-0.0474344723572353
2023-10-31,US,-0.021708662892985
2023-11-30,US,0.091343861509634
2023-12-31,US,0.0456553958222256
2024-01-31,US,0.0159263876251076
2024-02-29,US,0.0521868322606098
2024-03-31,US,0.0327020242021152
2024-04-30,US,-0.040319628763473
2024-05-31,US,0.0505797876269142
2024-06-30,US,0.0352799736612836
2024-07-31,US,0.012109116371118
2024-08-31,US,0.0233656250825935
2024-09-30,US,0.0210044451430027
2024-10-31,US,-0.0089234321407269
2024-11-30,US,0.0596334254859591
2024-12-31,US,-0.0240600695408207
2025-01-31,US,0.0268563458832709
2025-02-28,US,-0.0126947364902961
2025-03-31,US,-0.0557192064349796
2025-04-30,US,-0.0086701662301893
2025-05-31,US,0.0628449330316358
2025-06-30,US,0.0513862300067524
2025-07-31,US,0.0230314465157532
2025-08-31,US,0.0205194840443878
2025-09-30,US,0.0356204341852999
2025-10-31,US,0.0238373935763009
2025-11-30,US,0.0019500049129079
2025-12-31,US,0.0007975029584423
2026-01-31,US,0.0147378188200908
2026-02-28,US,-0.0086420462475701
2026-03-31,US,-0.0493795666434433
2026-04-30,US,0.1050526868659724
2026-05-31,US,0.0526257530375027
2026-06-30,US,-0.010292566443839
2026-07-31,US,-0.0026647966339411
