date,value,series
1947-01-01,21.48,CPIAUCSL
1947-02-01,21.62,CPIAUCSL
1947-03-01,22.0,CPIAUCSL
1947-04-01,22.0,CPIAUCSL
1947-05-01,21.95,CPIAUCSL
1947-06-01,22.08,CPIAUCSL
1947-07-01,22.23,CPIAUCSL
1947-08-01,22.4,CPIAUCSL
1947-09-01,22.84,CPIAUCSL
1947-10-01,22.91,CPIAUCSL
1947-11-01,23.06,CPIAUCSL
1947-12-01,23.41,CPIAUCSL
1948-01-01,23.68,CPIAUCSL
1948-02-01,23.67,CPIAUCSL
1948-03-01,23.5,CPIAUCSL
1948-04-01,23.82,CPIAUCSL
1948-05-01,24.01,CPIAUCSL
1948-06-01,24.15,CPIAUCSL
1948-07-01,24.4,CPIAUCSL
1948-08-01,24.43,CPIAUCSL
1948-09-01,24.36,CPIAUCSL
1948-10-01,24.31,CPIAUCSL
1948-11-01,24.16,CPIAUCSL
1948-12-01,24.05,CPIAUCSL
1949-01-01,24.01,CPIAUCSL
1949-02-01,23.91,CPIAUCSL
1949-03-01,23.91,CPIAUCSL
1949-04-01,23.92,CPIAUCSL
1949-05-01,23.91,CPIAUCSL
1949-06-01,23.92,CPIAUCSL
1949-07-01,23.7,CPIAUCSL
1949-08-01,23.7,CPIAUCSL
1949-09-01,23.75,CPIAUCSL
1949-10-01,23.67,CPIAUCSL
1949-11-01,23.7,CPIAUCSL
1949-12-01,23.61,CPIAUCSL
1950-01-01,23.51,CPIAUCSL
1950-02-01,23.61,CPIAUCSL
1950-03-01,23.64,CPIAUCSL
1950-04-01,23.65,CPIAUCSL
1950-05-01,23.77,CPIAUCSL
1950-06-01,23.88,CPIAUCSL
1950-07-01,24.07,CPIAUCSL
1950-08-01,24.2,CPIAUCSL
1950-09-01,24.34,CPIAUCSL
1950-10-01,24.5,CPIAUCSL
1950-11-01,24.6,CPIAUCSL
1950-12-01,24.98,CPIAUCSL
1951-01-01,25.38,CPIAUCSL
1951-02-01,25.83,CPIAUCSL
1951-03-01,25.88,CPIAUCSL
1951-04-01,25.92,CPIAUCSL
1951-05-01,25.99,CPIAUCSL
1951-06-01,25.93,CPIAUCSL
1951-07-01,25.91,CPIAUCSL
1951-08-01,25.86,CPIAUCSL
1951-09-01,26.03,CPIAUCSL
1951-10-01,26.16,CPIAUCSL
1951-11-01,26.32,CPIAUCSL
1951-12-01,26.47,CPIAUCSL
1952-01-01,26.45,CPIAUCSL
1952-02-01,26.41,CPIAUCSL
1952-03-01,26.39,CPIAUCSL
1952-04-01,26.46,CPIAUCSL
1952-05-01,26.47,CPIAUCSL
1952-06-01,26.53,CPIAUCSL
1952-07-01,26.68,CPIAUCSL
1952-08-01,26.69,CPIAUCSL
1952-09-01,26.63,CPIAUCSL
1952-10-01,26.69,CPIAUCSL
1952-11-01,26.69,CPIAUCSL
1952-12-01,26.71,CPIAUCSL
1953-01-01,26.64,CPIAUCSL
1953-02-01,26.59,CPIAUCSL
1953-03-01,26.63,CPIAUCSL
1953-04-01,26.69,CPIAUCSL
1953-05-01,26.7,CPIAUCSL
1953-06-01,26.77,CPIAUCSL
1953-07-01,26.79,CPIAUCSL
1953-08-01,26.85,CPIAUCSL
1953-09-01,26.89,CPIAUCSL
1953-10-01,26.95,CPIAUCSL
1953-11-01,26.85,CPIAUCSL
1953-12-01,26.87,CPIAUCSL
1954-01-01,26.94,CPIAUCSL
1954-02-01,26.99,CPIAUCSL
1954-03-01,26.93,CPIAUCSL
1954-04-01,26.86,CPIAUCSL
1954-05-01,26.93,CPIAUCSL
1954-06-01,26.94,CPIAUCSL
1954-07-01,26.86,CPIAUCSL
1954-08-01,26.85,CPIAUCSL
1954-09-01,26.81,CPIAUCSL
1954-10-01,26.72,CPIAUCSL
1954-11-01,26.78,CPIAUCSL
1954-12-01,26.77,CPIAUCSL
1955-01-01,26.77,CPIAUCSL
1955-02-01,26.82,CPIAUCSL
1955-03-01,26.79,CPIAUCSL
1955-04-01,26.79,CPIAUCSL
1955-05-01,26.77,CPIAUCSL
1955-06-01,26.71,CPIAUCSL
1955-07-01,26.76,CPIAUCSL
1955-08-01,26.72,CPIAUCSL
1955-09-01,26.85,CPIAUCSL
1955-10-01,26.82,CPIAUCSL
1955-11-01,26.88,CPIAUCSL
1955-12-01,26.87,CPIAUCSL
1956-01-01,26.83,CPIAUCSL
1956-02-01,26.86,CPIAUCSL
1956-03-01,26.89,CPIAUCSL
1956-04-01,26.93,CPIAUCSL
1956-05-01,27.03,CPIAUCSL
1956-06-01,27.15,CPIAUCSL
1956-07-01,27.29,CPIAUCSL
1956-08-01,27.31,CPIAUCSL
1956-09-01,27.35,CPIAUCSL
1956-10-01,27.51,CPIAUCSL
1956-11-01,27.51,CPIAUCSL
1956-12-01,27.63,CPIAUCSL
1957-01-01,27.67,CPIAUCSL
1957-02-01,27.8,CPIAUCSL
1957-03-01,27.86,CPIAUCSL
1957-04-01,27.93,CPIAUCSL
1957-05-01,28.0,CPIAUCSL
1957-06-01,28.11,CPIAUCSL
1957-07-01,28.19,CPIAUCSL
1957-08-01,28.28,CPIAUCSL
1957-09-01,28.32,CPIAUCSL
1957-10-01,28.32,CPIAUCSL
1957-11-01,28.41,CPIAUCSL
1957-12-01,28.47,CPIAUCSL
1958-01-01,28.64,CPIAUCSL
1958-02-01,28.7,CPIAUCSL
1958-03-01,28.87,CPIAUCSL
1958-04-01,28.94,CPIAUCSL
1958-05-01,28.94,CPIAUCSL
1958-06-01,28.91,CPIAUCSL
1958-07-01,28.89,CPIAUCSL
1958-08-01,28.94,CPIAUCSL
1958-09-01,28.91,CPIAUCSL
1958-10-01,28.91,CPIAUCSL
1958-11-01,28.95,CPIAUCSL
1958-12-01,28.97,CPIAUCSL
1959-01-01,29.01,CPIAUCSL
1959-02-01,29.0,CPIAUCSL
1959-03-01,28.97,CPIAUCSL
1959-04-01,28.98,CPIAUCSL
1959-05-01,29.04,CPIAUCSL
1959-06-01,29.11,CPIAUCSL
1959-07-01,29.15,CPIAUCSL
1959-08-01,29.18,CPIAUCSL
1959-09-01,29.25,CPIAUCSL
1959-10-01,29.35,CPIAUCSL
1959-11-01,29.35,CPIAUCSL
1959-12-01,29.41,CPIAUCSL
1960-01-01,29.37,CPIAUCSL
1960-02-01,29.41,CPIAUCSL
1960-03-01,29.41,CPIAUCSL
1960-04-01,29.54,CPIAUCSL
1960-05-01,29.57,CPIAUCSL
1960-06-01,29.61,CPIAUCSL
1960-07-01,29.55,CPIAUCSL
1960-08-01,29.61,CPIAUCSL
1960-09-01,29.61,CPIAUCSL
1960-10-01,29.75,CPIAUCSL
1960-11-01,29.78,CPIAUCSL
1960-12-01,29.81,CPIAUCSL
1961-01-01,29.84,CPIAUCSL
1961-02-01,29.84,CPIAUCSL
1961-03-01,29.84,CPIAUCSL
1961-04-01,29.81,CPIAUCSL
1961-05-01,29.84,CPIAUCSL
1961-06-01,29.84,CPIAUCSL
1961-07-01,29.92,CPIAUCSL
1961-08-01,29.94,CPIAUCSL
1961-09-01,29.98,CPIAUCSL
1961-10-01,29.98,CPIAUCSL
1961-11-01,29.98,CPIAUCSL
1961-12-01,30.01,CPIAUCSL
1962-01-01,30.04,CPIAUCSL
1962-02-01,30.11,CPIAUCSL
1962-03-01,30.17,CPIAUCSL
1962-04-01,30.21,CPIAUCSL
1962-05-01,30.24,CPIAUCSL
1962-06-01,30.21,CPIAUCSL
1962-07-01,30.22,CPIAUCSL
1962-08-01,30.28,CPIAUCSL
1962-09-01,30.42,CPIAUCSL
1962-10-01,30.38,CPIAUCSL
1962-11-01,30.38,CPIAUCSL
1962-12-01,30.38,CPIAUCSL
1963-01-01,30.44,CPIAUCSL
1963-02-01,30.48,CPIAUCSL
1963-03-01,30.51,CPIAUCSL
1963-04-01,30.48,CPIAUCSL
1963-05-01,30.51,CPIAUCSL
1963-06-01,30.61,CPIAUCSL
1963-07-01,30.69,CPIAUCSL
1963-08-01,30.75,CPIAUCSL
1963-09-01,30.72,CPIAUCSL
1963-10-01,30.75,CPIAUCSL
1963-11-01,30.78,CPIAUCSL
1963-12-01,30.88,CPIAUCSL
1964-01-01,30.94,CPIAUCSL
1964-02-01,30.91,CPIAUCSL
1964-03-01,30.94,CPIAUCSL
1964-04-01,30.95,CPIAUCSL
1964-05-01,30.98,CPIAUCSL
1964-06-01,31.01,CPIAUCSL
1964-07-01,31.02,CPIAUCSL
1964-08-01,31.05,CPIAUCSL
1964-09-01,31.08,CPIAUCSL
1964-10-01,31.12,CPIAUCSL
1964-11-01,31.21,CPIAUCSL
1964-12-01,31.25,CPIAUCSL
1965-01-01,31.28,CPIAUCSL
1965-02-01,31.28,CPIAUCSL
1965-03-01,31.31,CPIAUCSL
1965-04-01,31.38,CPIAUCSL
1965-05-01,31.48,CPIAUCSL
1965-06-01,31.61,CPIAUCSL
1965-07-01,31.58,CPIAUCSL
1965-08-01,31.55,CPIAUCSL
1965-09-01,31.62,CPIAUCSL
1965-10-01,31.65,CPIAUCSL
1965-11-01,31.75,CPIAUCSL
1965-12-01,31.85,CPIAUCSL
1966-01-01,31.88,CPIAUCSL
1966-02-01,32.08,CPIAUCSL
1966-03-01,32.18,CPIAUCSL
1966-04-01,32.28,CPIAUCSL
1966-05-01,32.35,CPIAUCSL
1966-06-01,32.38,CPIAUCSL
1966-07-01,32.45,CPIAUCSL
1966-08-01,32.65,CPIAUCSL
1966-09-01,32.75,CPIAUCSL
1966-10-01,32.85,CPIAUCSL
1966-11-01,32.88,CPIAUCSL
1966-12-01,32.92,CPIAUCSL
1967-01-01,32.9,CPIAUCSL
1967-02-01,33.0,CPIAUCSL
1967-03-01,33.0,CPIAUCSL
1967-04-01,33.1,CPIAUCSL
1967-05-01,33.1,CPIAUCSL
1967-06-01,33.3,CPIAUCSL
1967-07-01,33.4,CPIAUCSL
1967-08-01,33.5,CPIAUCSL
1967-09-01,33.6,CPIAUCSL
1967-10-01,33.7,CPIAUCSL
1967-11-01,33.9,CPIAUCSL
1967-12-01,34.0,CPIAUCSL
1968-01-01,34.1,CPIAUCSL
1968-02-01,34.2,CPIAUCSL
1968-03-01,34.3,CPIAUCSL
1968-04-01,34.4,CPIAUCSL
1968-05-01,34.5,CPIAUCSL
1968-06-01,34.7,CPIAUCSL
1968-07-01,34.9,CPIAUCSL
1968-08-01,35.0,CPIAUCSL
1968-09-01,35.1,CPIAUCSL
1968-10-01,35.3,CPIAUCSL
1968-11-01,35.4,CPIAUCSL
1968-12-01,35.6,CPIAUCSL
1969-01-01,35.7,CPIAUCSL
1969-02-01,35.8,CPIAUCSL
1969-03-01,36.1,CPIAUCSL
1969-04-01,36.3,CPIAUCSL
1969-05-01,36.4,CPIAUCSL
1969-06-01,36.6,CPIAUCSL
1969-07-01,36.8,CPIAUCSL
1969-08-01,36.9,CPIAUCSL
1969-09-01,37.1,CPIAUCSL
1969-10-01,37.3,CPIAUCSL
1969-11-01,37.5,CPIAUCSL
1969-12-01,37.7,CPIAUCSL
1970-01-01,37.9,CPIAUCSL
1970-02-01,38.1,CPIAUCSL
1970-03-01,38.3,CPIAUCSL
1970-04-01,38.5,CPIAUCSL
1970-05-01,38.6,CPIAUCSL
1970-06-01,38.8,CPIAUCSL
1970-07-01,38.9,CPIAUCSL
1970-08-01,39.0,CPIAUCSL
1970-09-01,39.2,CPIAUCSL
1970-10-01,39.4,CPIAUCSL
1970-11-01,39.6,CPIAUCSL
1970-12-01,39.8,CPIAUCSL
1971-01-01,39.9,CPIAUCSL
1971-02-01,39.9,CPIAUCSL
1971-03-01,40.0,CPIAUCSL
1971-04-01,40.1,CPIAUCSL
1971-05-01,40.3,CPIAUCSL
1971-06-01,40.5,CPIAUCSL
1971-07-01,40.6,CPIAUCSL
1971-08-01,40.7,CPIAUCSL
1971-09-01,40.8,CPIAUCSL
1971-10-01,40.9,CPIAUCSL
1971-11-01,41.0,CPIAUCSL
1971-12-01,41.1,CPIAUCSL
1972-01-01,41.2,CPIAUCSL
1972-02-01,41.4,CPIAUCSL
1972-03-01,41.4,CPIAUCSL
1972-04-01,41.5,CPIAUCSL
1972-05-01,41.6,CPIAUCSL
1972-06-01,41.7,CPIAUCSL
1972-07-01,41.8,CPIAUCSL
1972-08-01,41.9,CPIAUCSL
1972-09-01,42.1,CPIAUCSL
1972-10-01,42.2,CPIAUCSL
1972-11-01,42.4,CPIAUCSL
1972-12-01,42.5,CPIAUCSL
1973-01-01,42.7,CPIAUCSL
1973-02-01,43.0,CPIAUCSL
1973-03-01,43.4,CPIAUCSL
1973-04-01,43.7,CPIAUCSL
1973-05-01,43.9,CPIAUCSL
1973-06-01,44.2,CPIAUCSL
1973-07-01,44.2,CPIAUCSL
1973-08-01,45.0,CPIAUCSL
1973-09-01,45.2,CPIAUCSL
1973-10-01,45.6,CPIAUCSL
1973-11-01,45.9,CPIAUCSL
1973-12-01,46.3,CPIAUCSL
1974-01-01,46.8,CPIAUCSL
1974-02-01,47.3,CPIAUCSL
1974-03-01,47.8,CPIAUCSL
1974-04-01,48.1,CPIAUCSL
1974-05-01,48.6,CPIAUCSL
1974-06-01,49.0,CPIAUCSL
1974-07-01,49.3,CPIAUCSL
1974-08-01,49.9,CPIAUCSL
1974-09-01,50.6,CPIAUCSL
1974-10-01,51.0,CPIAUCSL
1974-11-01,51.5,CPIAUCSL
1974-12-01,51.9,CPIAUCSL
1975-01-01,52.3,CPIAUCSL
1975-02-01,52.6,CPIAUCSL
1975-03-01,52.8,CPIAUCSL
1975-04-01,53.0,CPIAUCSL
1975-05-01,53.1,CPIAUCSL
1975-06-01,53.5,CPIAUCSL
1975-07-01,54.0,CPIAUCSL
1975-08-01,54.2,CPIAUCSL
1975-09-01,54.6,CPIAUCSL
1975-10-01,54.9,CPIAUCSL
1975-11-01,55.3,CPIAUCSL
1975-12-01,55.6,CPIAUCSL
1976-01-01,55.8,CPIAUCSL
1976-02-01,55.9,CPIAUCSL
1976-03-01,56.0,CPIAUCSL
1976-04-01,56.1,CPIAUCSL
1976-05-01,56.4,CPIAUCSL
1976-06-01,56.7,CPIAUCSL
1976-07-01,57.0,CPIAUCSL
1976-08-01,57.3,CPIAUCSL
1976-09-01,57.6,CPIAUCSL
1976-10-01,57.9,CPIAUCSL
1976-11-01,58.1,CPIAUCSL
1976-12-01,58.4,CPIAUCSL
1977-01-01,58.7,CPIAUCSL
1977-02-01,59.3,CPIAUCSL
1977-03-01,59.6,CPIAUCSL
1977-04-01,60.0,CPIAUCSL
1977-05-01,60.2,CPIAUCSL
1977-06-01,60.5,CPIAUCSL
1977-07-01,60.8,CPIAUCSL
1977-08-01,61.1,CPIAUCSL
1977-09-01,61.3,CPIAUCSL
1977-10-01,61.6,CPIAUCSL
1977-11-01,62.0,CPIAUCSL
1977-12-01,62.3,CPIAUCSL
1978-01-01,62.7,CPIAUCSL
1978-02-01,63.0,CPIAUCSL
1978-03-01,63.4,CPIAUCSL
1978-04-01,63.9,CPIAUCSL
1978-05-01,64.5,CPIAUCSL
1978-06-01,65.0,CPIAUCSL
1978-07-01,65.5,CPIAUCSL
1978-08-01,65.9,CPIAUCSL
1978-09-01,66.5,CPIAUCSL
1978-10-01,67.1,CPIAUCSL
1978-11-01,67.5,CPIAUCSL
1978-12-01,67.9,CPIAUCSL
1979-01-01,68.5,CPIAUCSL
1979-02-01,69.2,CPIAUCSL
1979-03-01,69.9,CPIAUCSL
1979-04-01,70.6,CPIAUCSL
1979-05-01,71.4,CPIAUCSL
1979-06-01,72.2,CPIAUCSL
1979-07-01,73.0,CPIAUCSL
1979-08-01,73.7,CPIAUCSL
1979-09-01,74.4,CPIAUCSL
1979-10-01,75.2,CPIAUCSL
1979-11-01,76.0,CPIAUCSL
1979-12-01,76.9,CPIAUCSL
1980-01-01,78.0,CPIAUCSL
1980-02-01,79.0,CPIAUCSL
1980-03-01,80.1,CPIAUCSL
1980-04-01,80.9,CPIAUCSL
1980-05-01,81.7,CPIAUCSL
1980-06-01,82.5,CPIAUCSL
1980-07-01,82.6,CPIAUCSL
1980-08-01,83.2,CPIAUCSL
1980-09-01,83.9,CPIAUCSL
1980-10-01,84.7,CPIAUCSL
1980-11-01,85.6,CPIAUCSL
1980-12-01,86.4,CPIAUCSL
1981-01-01,87.2,CPIAUCSL
1981-02-01,88.0,CPIAUCSL
1981-03-01,88.6,CPIAUCSL
1981-04-01,89.1,CPIAUCSL
1981-05-01,89.7,CPIAUCSL
1981-06-01,90.5,CPIAUCSL
1981-07-01,91.5,CPIAUCSL
1981-08-01,92.2,CPIAUCSL
1981-09-01,93.1,CPIAUCSL
1981-10-01,93.4,CPIAUCSL
1981-11-01,93.8,CPIAUCSL
1981-12-01,94.1,CPIAUCSL
1982-01-01,94.4,CPIAUCSL
1982-02-01,94.7,CPIAUCSL
1982-03-01,94.7,CPIAUCSL
1982-04-01,95.0,CPIAUCSL
1982-05-01,95.9,CPIAUCSL
1982-06-01,97.0,CPIAUCSL
1982-07-01,97.5,CPIAUCSL
1982-08-01,97.7,CPIAUCSL
1982-09-01,97.7,CPIAUCSL
1982-10-01,98.1,CPIAUCSL
1982-11-01,98.0,CPIAUCSL
1982-12-01,97.7,CPIAUCSL
1983-01-01,97.9,CPIAUCSL
1983-02-01,98.0,CPIAUCSL
1983-03-01,98.1,CPIAUCSL
1983-04-01,98.8,CPIAUCSL
1983-05-01,99.2,CPIAUCSL
1983-06-01,99.4,CPIAUCSL
1983-07-01,99.8,CPIAUCSL
1983-08-01,100.1,CPIAUCSL
1983-09-01,100.4,CPIAUCSL
1983-10-01,100.8,CPIAUCSL
1983-11-01,101.1,CPIAUCSL
1983-12-01,101.4,CPIAUCSL
1984-01-01,102.1,CPIAUCSL
1984-02-01,102.6,CPIAUCSL
1984-03-01,102.9,CPIAUCSL
1984-04-01,103.3,CPIAUCSL
1984-05-01,103.5,CPIAUCSL
1984-06-01,103.7,CPIAUCSL
1984-07-01,104.1,CPIAUCSL
1984-08-01,104.4,CPIAUCSL
1984-09-01,104.7,CPIAUCSL
1984-10-01,105.1,CPIAUCSL
1984-11-01,105.3,CPIAUCSL
1984-12-01,105.5,CPIAUCSL
1985-01-01,105.7,CPIAUCSL
1985-02-01,106.3,CPIAUCSL
1985-03-01,106.8,CPIAUCSL
1985-04-01,107.0,CPIAUCSL
1985-05-01,107.2,CPIAUCSL
1985-06-01,107.5,CPIAUCSL
1985-07-01,107.7,CPIAUCSL
1985-08-01,107.9,CPIAUCSL
1985-09-01,108.1,CPIAUCSL
1985-10-01,108.5,CPIAUCSL
1985-11-01,109.0,CPIAUCSL
1985-12-01,109.5,CPIAUCSL
1986-01-01,109.9,CPIAUCSL
1986-02-01,109.7,CPIAUCSL
1986-03-01,109.1,CPIAUCSL
1986-04-01,108.7,CPIAUCSL
1986-05-01,109.0,CPIAUCSL
1986-06-01,109.4,CPIAUCSL
1986-07-01,109.5,CPIAUCSL
1986-08-01,109.6,CPIAUCSL
1986-09-01,110.0,CPIAUCSL
1986-10-01,110.2,CPIAUCSL
1986-11-01,110.4,CPIAUCSL
1986-12-01,110.8,CPIAUCSL
1987-01-01,111.4,CPIAUCSL
1987-02-01,111.8,CPIAUCSL
1987-03-01,112.2,CPIAUCSL
1987-04-01,112.7,CPIAUCSL
1987-05-01,113.0,CPIAUCSL
1987-06-01,113.5,CPIAUCSL
1987-07-01,113.8,CPIAUCSL
1987-08-01,114.3,CPIAUCSL
1987-09-01,114.7,CPIAUCSL
1987-10-01,115.0,CPIAUCSL
1987-11-01,115.4,CPIAUCSL
1987-12-01,115.6,CPIAUCSL
1988-01-01,116.0,CPIAUCSL
1988-02-01,116.2,CPIAUCSL
1988-03-01,116.5,CPIAUCSL
1988-04-01,117.2,CPIAUCSL
1988-05-01,117.5,CPIAUCSL
1988-06-01,118.0,CPIAUCSL
1988-07-01,118.5,CPIAUCSL
1988-08-01,119.0,CPIAUCSL
1988-09-01,119.5,CPIAUCSL
1988-10-01,119.9,CPIAUCSL
1988-11-01,120.3,CPIAUCSL
1988-12-01,120.7,CPIAUCSL
1989-01-01,121.2,CPIAUCSL
1989-02-01,121.6,CPIAUCSL
1989-03-01,122.2,CPIAUCSL
1989-04-01,123.1,CPIAUCSL
1989-05-01,123.7,CPIAUCSL
1989-06-01,124.1,CPIAUCSL
1989-07-01,124.5,CPIAUCSL
1989-08-01,124.5,CPIAUCSL
1989-09-01,124.8,CPIAUCSL
1989-10-01,125.4,CPIAUCSL
1989-11-01,125.9,CPIAUCSL
1989-12-01,126.3,CPIAUCSL
1990-01-01,127.5,CPIAUCSL
1990-02-01,128.0,CPIAUCSL
1990-03-01,128.6,CPIAUCSL
1990-04-01,128.9,CPIAUCSL
1990-05-01,129.1,CPIAUCSL
1990-06-01,129.9,CPIAUCSL
1990-07-01,130.5,CPIAUCSL
1990-08-01,131.6,CPIAUCSL
1990-09-01,132.5,CPIAUCSL
1990-10-01,133.4,CPIAUCSL
1990-11-01,133.7,CPIAUCSL
1990-12-01,134.2,CPIAUCSL
1991-01-01,134.7,CPIAUCSL
1991-02-01,134.8,CPIAUCSL
1991-03-01,134.8,CPIAUCSL
1991-04-01,135.1,CPIAUCSL
1991-05-01,135.6,CPIAUCSL
1991-06-01,136.0,CPIAUCSL
1991-07-01,136.2,CPIAUCSL
1991-08-01,136.6,CPIAUCSL
1991-09-01,137.0,CPIAUCSL
1991-10-01,137.2,CPIAUCSL
1991-11-01,137.8,CPIAUCSL
1991-12-01,138.2,CPIAUCSL
1992-01-01,138.3,CPIAUCSL
1992-02-01,138.6,CPIAUCSL
1992-03-01,139.1,CPIAUCSL
1992-04-01,139.4,CPIAUCSL
1992-05-01,139.7,CPIAUCSL
1992-06-01,140.1,CPIAUCSL
1992-07-01,140.5,CPIAUCSL
1992-08-01,140.8,CPIAUCSL
1992-09-01,141.1,CPIAUCSL
1992-10-01,141.7,CPIAUCSL
1992-11-01,142.1,CPIAUCSL
1992-12-01,142.3,CPIAUCSL
1993-01-01,142.8,CPIAUCSL
1993-02-01,143.1,CPIAUCSL
1993-03-01,143.3,CPIAUCSL
1993-04-01,143.8,CPIAUCSL
1993-05-01,144.2,CPIAUCSL
1993-06-01,144.3,CPIAUCSL
1993-07-01,144.5,CPIAUCSL
1993-08-01,144.8,CPIAUCSL
1993-09-01,145.0,CPIAUCSL
1993-10-01,145.6,CPIAUCSL
1993-11-01,146.0,CPIAUCSL
1993-12-01,146.3,CPIAUCSL
1994-01-01,146.3,CPIAUCSL
1994-02-01,146.7,CPIAUCSL
1994-03-01,147.1,CPIAUCSL
1994-04-01,147.2,CPIAUCSL
1994-05-01,147.5,CPIAUCSL
1994-06-01,147.9,CPIAUCSL
1994-07-01,148.4,CPIAUCSL
1994-08-01,149.0,CPIAUCSL
1994-09-01,149.3,CPIAUCSL
1994-10-01,149.4,CPIAUCSL
1994-11-01,149.8,CPIAUCSL
1994-12-01,150.1,CPIAUCSL
1995-01-01,150.5,CPIAUCSL
1995-02-01,150.9,CPIAUCSL
1995-03-01,151.2,CPIAUCSL
1995-04-01,151.8,CPIAUCSL
1995-05-01,152.1,CPIAUCSL
1995-06-01,152.4,CPIAUCSL
1995-07-01,152.6,CPIAUCSL
1995-08-01,152.9,CPIAUCSL
1995-09-01,153.1,CPIAUCSL
1995-10-01,153.5,CPIAUCSL
1995-11-01,153.7,CPIAUCSL
1995-12-01,153.9,CPIAUCSL
1996-01-01,154.7,CPIAUCSL
1996-02-01,155.0,CPIAUCSL
1996-03-01,155.5,CPIAUCSL
1996-04-01,156.1,CPIAUCSL
1996-05-01,156.4,CPIAUCSL
1996-06-01,156.7,CPIAUCSL
1996-07-01,157.0,CPIAUCSL
1996-08-01,157.2,CPIAUCSL
1996-09-01,157.7,CPIAUCSL
1996-10-01,158.2,CPIAUCSL
1996-11-01,158.7,CPIAUCSL
1996-12-01,159.1,CPIAUCSL
1997-01-01,159.4,CPIAUCSL
1997-02-01,159.7,CPIAUCSL
1997-03-01,159.8,CPIAUCSL
1997-04-01,159.9,CPIAUCSL
1997-05-01,159.9,CPIAUCSL
1997-06-01,160.2,CPIAUCSL
1997-07-01,160.4,CPIAUCSL
1997-08-01,160.8,CPIAUCSL
1997-09-01,161.2,CPIAUCSL
1997-10-01,161.5,CPIAUCSL
1997-11-01,161.7,CPIAUCSL
1997-12-01,161.8,CPIAUCSL
1998-01-01,162.0,CPIAUCSL
1998-02-01,162.0,CPIAUCSL
1998-03-01,162.0,CPIAUCSL
1998-04-01,162.2,CPIAUCSL
1998-05-01,162.6,CPIAUCSL
1998-06-01,162.8,CPIAUCSL
1998-07-01,163.2,CPIAUCSL
1998-08-01,163.4,CPIAUCSL
1998-09-01,163.5,CPIAUCSL
1998-10-01,163.9,CPIAUCSL
1998-11-01,164.1,CPIAUCSL
1998-12-01,164.4,CPIAUCSL
1999-01-01,164.7,CPIAUCSL
1999-02-01,164.7,CPIAUCSL
1999-03-01,164.8,CPIAUCSL
1999-04-01,165.9,CPIAUCSL
1999-05-01,166.0,CPIAUCSL
1999-06-01,166.0,CPIAUCSL
1999-07-01,166.7,CPIAUCSL
1999-08-01,167.1,CPIAUCSL
1999-09-01,167.8,CPIAUCSL
1999-10-01,168.1,CPIAUCSL
1999-11-01,168.4,CPIAUCSL
1999-12-01,168.8,CPIAUCSL
2000-01-01,169.3,CPIAUCSL
2000-02-01,170.0,CPIAUCSL
2000-03-01,171.0,CPIAUCSL
2000-04-01,170.9,CPIAUCSL
2000-05-01,171.2,CPIAUCSL
2000-06-01,172.2,CPIAUCSL
2000-07-01,172.7,CPIAUCSL
2000-08-01,172.7,CPIAUCSL
2000-09-01,173.6,CPIAUCSL
2000-10-01,173.9,CPIAUCSL
2000-11-01,174.2,CPIAUCSL
2000-12-01,174.6,CPIAUCSL
2001-01-01,175.6,CPIAUCSL
2001-02-01,176.0,CPIAUCSL
2001-03-01,176.1,CPIAUCSL
2001-04-01,176.4,CPIAUCSL
2001-05-01,177.3,CPIAUCSL
2001-06-01,177.7,CPIAUCSL
2001-07-01,177.4,CPIAUCSL
2001-08-01,177.4,CPIAUCSL
2001-09-01,178.1,CPIAUCSL
2001-10-01,177.6,CPIAUCSL
2001-11-01,177.5,CPIAUCSL
2001-12-01,177.4,CPIAUCSL
2002-01-01,177.7,CPIAUCSL
2002-02-01,178.0,CPIAUCSL
2002-03-01,178.5,CPIAUCSL
2002-04-01,179.3,CPIAUCSL
2002-05-01,179.5,CPIAUCSL
2002-06-01,179.6,CPIAUCSL
2002-07-01,180.0,CPIAUCSL
2002-08-01,180.5,CPIAUCSL
2002-09-01,180.8,CPIAUCSL
2002-10-01,181.2,CPIAUCSL
2002-11-01,181.5,CPIAUCSL
2002-12-01,181.8,CPIAUCSL
2003-01-01,182.6,CPIAUCSL
2003-02-01,183.6,CPIAUCSL
2003-03-01,183.9,CPIAUCSL
2003-04-01,183.2,CPIAUCSL
2003-05-01,182.9,CPIAUCSL
2003-06-01,183.1,CPIAUCSL
2003-07-01,183.7,CPIAUCSL
2003-08-01,184.5,CPIAUCSL
2003-09-01,185.1,CPIAUCSL
2003-10-01,184.9,CPIAUCSL
2003-11-01,185.0,CPIAUCSL
2003-12-01,185.5,CPIAUCSL
2004-01-01,186.3,CPIAUCSL
2004-02-01,186.7,CPIAUCSL
2004-03-01,187.1,CPIAUCSL
2004-04-01,187.4,CPIAUCSL
2004-05-01,188.2,CPIAUCSL
2004-06-01,188.9,CPIAUCSL
2004-07-01,189.1,CPIAUCSL
2004-08-01,189.2,CPIAUCSL
2004-09-01,189.8,CPIAUCSL
2004-10-01,190.8,CPIAUCSL
2004-11-01,191.7,CPIAUCSL
2004-12-01,191.7,CPIAUCSL
2005-01-01,191.6,CPIAUCSL
2005-02-01,192.4,CPIAUCSL
2005-03-01,193.1,CPIAUCSL
2005-04-01,193.7,CPIAUCSL
2005-05-01,193.6,CPIAUCSL
2005-06-01,193.7,CPIAUCSL
2005-07-01,194.9,CPIAUCSL
2005-08-01,196.1,CPIAUCSL
2005-09-01,198.8,CPIAUCSL
2005-10-01,199.1,CPIAUCSL
2005-11-01,198.1,CPIAUCSL
2005-12-01,198.1,CPIAUCSL
2006-01-01,199.3,CPIAUCSL
2006-02-01,199.4,CPIAUCSL
2006-03-01,199.7,CPIAUCSL
2006-04-01,200.7,CPIAUCSL
2006-05-01,201.3,CPIAUCSL
2006-06-01,201.8,CPIAUCSL
2006-07-01,202.9,CPIAUCSL
2006-08-01,203.8,CPIAUCSL
2006-09-01,202.8,CPIAUCSL
2006-10-01,201.9,CPIAUCSL
2006-11-01,202.0,CPIAUCSL
2006-12-01,203.1,CPIAUCSL
2007-01-01,203.437,CPIAUCSL
2007-02-01,204.226,CPIAUCSL
2007-03-01,205.288,CPIAUCSL
2007-04-01,205.904,CPIAUCSL
2007-05-01,206.755,CPIAUCSL
2007-06-01,207.234,CPIAUCSL
2007-07-01,207.603,CPIAUCSL
2007-08-01,207.667,CPIAUCSL
2007-09-01,208.547,CPIAUCSL
2007-10-01,209.19,CPIAUCSL
2007-11-01,210.834,CPIAUCSL
2007-12-01,211.445,CPIAUCSL
2008-01-01,212.174,CPIAUCSL
2008-02-01,212.687,CPIAUCSL
2008-03-01,213.448,CPIAUCSL
2008-04-01,213.942,CPIAUCSL
2008-05-01,215.208,CPIAUCSL
2008-06-01,217.463,CPIAUCSL
2008-07-01,219.016,CPIAUCSL
2008-08-01,218.69,CPIAUCSL
2008-09-01,218.877,CPIAUCSL
2008-10-01,216.995,CPIAUCSL
2008-11-01,213.153,CPIAUCSL
2008-12-01,211.398,CPIAUCSL
2009-01-01,211.933,CPIAUCSL
2009-02-01,212.705,CPIAUCSL
2009-03-01,212.495,CPIAUCSL
2009-04-01,212.709,CPIAUCSL
2009-05-01,213.022,CPIAUCSL
2009-06-01,214.79,CPIAUCSL
2009-07-01,214.726,CPIAUCSL
2009-08-01,215.445,CPIAUCSL
2009-09-01,215.861,CPIAUCSL
2009-10-01,216.509,CPIAUCSL
2009-11-01,217.234,CPIAUCSL
2009-12-01,217.347,CPIAUCSL
2010-01-01,217.488,CPIAUCSL
2010-02-01,217.281,CPIAUCSL
2010-03-01,217.353,CPIAUCSL
2010-04-01,217.403,CPIAUCSL
2010-05-01,217.29,CPIAUCSL
2010-06-01,217.199,CPIAUCSL
2010-07-01,217.605,CPIAUCSL
2010-08-01,217.923,CPIAUCSL
2010-09-01,218.275,CPIAUCSL
2010-10-01,219.035,CPIAUCSL
2010-11-01,219.59,CPIAUCSL
2010-12-01,220.472,CPIAUCSL
2011-01-01,221.187,CPIAUCSL
2011-02-01,221.898,CPIAUCSL
2011-03-01,223.046,CPIAUCSL
2011-04-01,224.093,CPIAUCSL
2011-05-01,224.806,CPIAUCSL
2011-06-01,224.806,CPIAUCSL
2011-07-01,225.395,CPIAUCSL
2011-08-01,226.106,CPIAUCSL
2011-09-01,226.597,CPIAUCSL
2011-10-01,226.75,CPIAUCSL
2011-11-01,227.169,CPIAUCSL
2011-12-01,227.223,CPIAUCSL
2012-01-01,227.842,CPIAUCSL
2012-02-01,228.329,CPIAUCSL
2012-03-01,228.807,CPIAUCSL
2012-04-01,229.187,CPIAUCSL
2012-05-01,228.713,CPIAUCSL
2012-06-01,228.524,CPIAUCSL
2012-07-01,228.59,CPIAUCSL
2012-08-01,229.918,CPIAUCSL
2012-09-01,231.015,CPIAUCSL
2012-10-01,231.638,CPIAUCSL
2012-11-01,231.249,CPIAUCSL
2012-12-01,231.221,CPIAUCSL
2013-01-01,231.679,CPIAUCSL
2013-02-01,232.937,CPIAUCSL
2013-03-01,232.282,CPIAUCSL
2013-04-01,231.797,CPIAUCSL
2013-05-01,231.893,CPIAUCSL
2013-06-01,232.445,CPIAUCSL
2013-07-01,232.9,CPIAUCSL
2013-08-01,233.456,CPIAUCSL
2013-09-01,233.544,CPIAUCSL
2013-10-01,233.669,CPIAUCSL
2013-11-01,234.1,CPIAUCSL
2013-12-01,234.719,CPIAUCSL
2014-01-01,235.288,CPIAUCSL
2014-02-01,235.547,CPIAUCSL
2014-03-01,236.028,CPIAUCSL
2014-04-01,236.468,CPIAUCSL
2014-05-01,236.918,CPIAUCSL
2014-06-01,237.231,CPIAUCSL
2014-07-01,237.498,CPIAUCSL
2014-08-01,237.46,CPIAUCSL
2014-09-01,237.477,CPIAUCSL
2014-10-01,237.43,CPIAUCSL
2014-11-01,236.983,CPIAUCSL
2014-12-01,236.252,CPIAUCSL
2015-01-01,234.747,CPIAUCSL
2015-02-01,235.342,CPIAUCSL
2015-03-01,235.976,CPIAUCSL
2015-04-01,236.222,CPIAUCSL
2015-05-01,237.001,CPIAUCSL
2015-06-01,237.657,CPIAUCSL
2015-07-01,238.034,CPIAUCSL
2015-08-01,238.033,CPIAUCSL
2015-09-01,237.498,CPIAUCSL
2015-10-01,237.733,CPIAUCSL
2015-11-01,238.017,CPIAUCSL
2015-12-01,237.761,CPIAUCSL
2016-01-01,237.652,CPIAUCSL
2016-02-01,237.336,CPIAUCSL
2016-03-01,238.08,CPIAUCSL
2016-04-01,238.992,CPIAUCSL
2016-05-01,239.557,CPIAUCSL
2016-06-01,240.222,CPIAUCSL
2016-07-01,240.101,CPIAUCSL
2016-08-01,240.545,CPIAUCSL
2016-09-01,241.176,CPIAUCSL
2016-10-01,241.741,CPIAUCSL
2016-11-01,242.026,CPIAUCSL
2016-12-01,242.637,CPIAUCSL
2017-01-01,243.618,CPIAUCSL
2017-02-01,244.006,CPIAUCSL
2017-03-01,243.892,CPIAUCSL
2017-04-01,244.193,CPIAUCSL
2017-05-01,244.004,CPIAUCSL
2017-06-01,244.163,CPIAUCSL
2017-07-01,244.243,CPIAUCSL
2017-08-01,245.183,CPIAUCSL
2017-09-01,246.435,CPIAUCSL
2017-10-01,246.626,CPIAUCSL
2017-11-01,247.284,CPIAUCSL
2017-12-01,247.805,CPIAUCSL
2018-01-01,248.859,CPIAUCSL
2018-02-01,249.529,CPIAUCSL
2018-03-01,249.577,CPIAUCSL
2018-04-01,250.227,CPIAUCSL
2018-05-01,250.792,CPIAUCSL
2018-06-01,251.018,CPIAUCSL
2018-07-01,251.214,CPIAUCSL
2018-08-01,251.663,CPIAUCSL
2018-09-01,252.182,CPIAUCSL
2018-10-01,252.772,CPIAUCSL
2018-11-01,252.594,CPIAUCSL
2018-12-01,252.767,CPIAUCSL
2019-01-01,252.561,CPIAUCSL
2019-02-01,253.319,CPIAUCSL
2019-03-01,254.277,CPIAUCSL
2019-04-01,255.233,CPIAUCSL
2019-05-01,255.296,CPIAUCSL
2019-06-01,255.213,CPIAUCSL
2019-07-01,255.802,CPIAUCSL
2019-08-01,256.036,CPIAUCSL
2019-09-01,256.43,CPIAUCSL
2019-10-01,257.155,CPIAUCSL
2019-11-01,257.879,CPIAUCSL
2019-12-01,258.63,CPIAUCSL
2020-01-01,259.127,CPIAUCSL
2020-02-01,259.25,CPIAUCSL
2020-03-01,258.076,CPIAUCSL
2020-04-01,256.032,CPIAUCSL
2020-05-01,255.802,CPIAUCSL
2020-06-01,257.042,CPIAUCSL
2020-07-01,258.352,CPIAUCSL
2020-08-01,259.316,CPIAUCSL
2020-09-01,259.997,CPIAUCSL
2020-10-01,260.319,CPIAUCSL
2020-11-01,260.911,CPIAUCSL
2020-12-01,262.045,CPIAUCSL
2021-01-01,262.687,CPIAUCSL
2021-02-01,263.579,CPIAUCSL
2021-03-01,264.961,CPIAUCSL
2021-04-01,266.614,CPIAUCSL
2021-05-01,268.383,CPIAUCSL
2021-06-01,270.654,CPIAUCSL
2021-07-01,271.903,CPIAUCSL
2021-08-01,272.676,CPIAUCSL
2021-09-01,273.91,CPIAUCSL
2021-10-01,276.55,CPIAUCSL
2021-11-01,278.919,CPIAUCSL
2021-12-01,280.845,CPIAUCSL
2022-01-01,282.543,CPIAUCSL
2022-02-01,284.5,CPIAUCSL
2022-03-01,287.674,CPIAUCSL
2022-04-01,288.561,CPIAUCSL
2022-05-01,291.298,CPIAUCSL
2022-06-01,294.957,CPIAUCSL
2022-07-01,294.913,CPIAUCSL
2022-08-01,295.097,CPIAUCSL
2022-09-01,296.349,CPIAUCSL
2022-10-01,298.007,CPIAUCSL
2022-11-01,298.786,CPIAUCSL
2022-12-01,298.832,CPIAUCSL
2023-01-01,300.42,CPIAUCSL
2023-02-01,301.45,CPIAUCSL
2023-03-01,301.821,CPIAUCSL
2023-04-01,302.845,CPIAUCSL
2023-05-01,303.334,CPIAUCSL
2023-06-01,304.014,CPIAUCSL
2023-07-01,304.609,CPIAUCSL
2023-08-01,306.082,CPIAUCSL
2023-09-01,307.276,CPIAUCSL
2023-10-01,307.696,CPIAUCSL
2023-11-01,308.148,CPIAUCSL
2023-12-01,308.741,CPIAUCSL
2024-01-01,309.698,CPIAUCSL
2024-02-01,310.967,CPIAUCSL
2024-03-01,312.345,CPIAUCSL
2024-04-01,313.023,CPIAUCSL
2024-05-01,313.175,CPIAUCSL
2024-06-01,313.044,CPIAUCSL
2024-07-01,313.569,CPIAUCSL
2024-08-01,314.062,CPIAUCSL
2024-09-01,314.732,CPIAUCSL
2024-10-01,315.631,CPIAUCSL
2024-11-01,316.528,CPIAUCSL
2024-12-01,317.604,CPIAUCSL
2025-01-01,318.961,CPIAUCSL
2025-02-01,319.679,CPIAUCSL
2025-03-01,319.785,CPIAUCSL
2025-04-01,320.302,CPIAUCSL
2025-05-01,320.62,CPIAUCSL
2025-06-01,321.435,CPIAUCSL
2025-07-01,322.169,CPIAUCSL
2025-08-01,323.291,CPIAUCSL
2025-09-01,324.245,CPIAUCSL
2025-11-01,325.063,CPIAUCSL
2025-12-01,326.031,CPIAUCSL
2026-01-01,326.588,CPIAUCSL
2026-02-01,327.46,CPIAUCSL
2026-03-01,330.293,CPIAUCSL
2026-04-01,332.407,CPIAUCSL
1919-01-01,4.8739,INDPRO
1919-02-01,4.6585,INDPRO
1919-03-01,4.5238,INDPRO
1919-04-01,4.6046,INDPRO
1919-05-01,4.6315,INDPRO
1919-06-01,4.9277,INDPRO
1919-07-01,5.2239,INDPRO
1919-08-01,5.3047,INDPRO
1919-09-01,5.197,INDPRO
1919-10-01,5.1432,INDPRO
1919-11-01,5.0624,INDPRO
1919-12-01,5.1432,INDPRO
1920-01-01,5.6279,INDPRO
1920-02-01,5.6279,INDPRO
1920-03-01,5.5201,INDPRO
1920-04-01,5.2239,INDPRO
1920-05-01,5.3586,INDPRO
1920-06-01,5.4124,INDPRO
1920-07-01,5.2778,INDPRO
1920-08-01,5.3047,INDPRO
1920-09-01,5.1162,INDPRO
1920-10-01,4.9008,INDPRO
1920-11-01,4.4969,INDPRO
1920-12-01,4.2276,INDPRO
1921-01-01,3.9853,INDPRO
1921-02-01,3.9045,INDPRO
1921-03-01,3.7968,INDPRO
1921-04-01,3.7968,INDPRO
1921-05-01,3.9045,INDPRO
1921-06-01,3.8776,INDPRO
1921-07-01,3.8506,INDPRO
1921-08-01,3.9853,INDPRO
1921-09-01,4.0122,INDPRO
1921-10-01,4.2545,INDPRO
1921-11-01,4.2007,INDPRO
1921-12-01,4.1738,INDPRO
1922-01-01,4.3353,INDPRO
1922-02-01,4.5238,INDPRO
1922-03-01,4.7662,INDPRO
1922-04-01,4.6046,INDPRO
1922-05-01,4.847,INDPRO
1922-06-01,5.0893,INDPRO
1922-07-01,5.0893,INDPRO
1922-08-01,4.9816,INDPRO
1922-09-01,5.2509,INDPRO
1922-10-01,5.5471,INDPRO
1922-11-01,5.7894,INDPRO
1922-12-01,5.951,INDPRO
1923-01-01,5.8163,INDPRO
1923-02-01,5.8971,INDPRO
1923-03-01,6.0856,INDPRO
1923-04-01,6.2203,INDPRO
1923-05-01,6.301,INDPRO
1923-06-01,6.2472,INDPRO
1923-07-01,6.1933,INDPRO
1923-08-01,6.0856,INDPRO
1923-09-01,5.951,INDPRO
1923-10-01,5.9241,INDPRO
1923-11-01,5.9241,INDPRO
1923-12-01,5.7894,INDPRO
1924-01-01,5.924,INDPRO
1924-02-01,6.0318,INDPRO
1924-03-01,5.9241,INDPRO
1924-04-01,5.7356,INDPRO
1924-05-01,5.4932,INDPRO
1924-06-01,5.2509,INDPRO
1924-07-01,5.1701,INDPRO
1924-08-01,5.3586,INDPRO
1924-09-01,5.5471,INDPRO
1924-10-01,5.6817,INDPRO
1924-11-01,5.7894,INDPRO
1924-12-01,5.951,INDPRO
1925-01-01,6.1395,INDPRO
1925-02-01,6.1395,INDPRO
1925-03-01,6.1395,INDPRO
1925-04-01,6.1933,INDPRO
1925-05-01,6.1664,INDPRO
1925-06-01,6.1125,INDPRO
1925-07-01,6.2741,INDPRO
1925-08-01,6.1664,INDPRO
1925-09-01,6.0856,INDPRO
1925-10-01,6.328,INDPRO
1925-11-01,6.4626,INDPRO
1925-12-01,6.5434,INDPRO
1926-01-01,6.4357,INDPRO
1926-02-01,6.4357,INDPRO
1926-03-01,6.5165,INDPRO
1926-04-01,6.5165,INDPRO
1926-05-01,6.4626,INDPRO
1926-06-01,6.5434,INDPRO
1926-07-01,6.5703,INDPRO
1926-08-01,6.6511,INDPRO
1926-09-01,6.7588,INDPRO
1926-10-01,6.7588,INDPRO
1926-11-01,6.7319,INDPRO
1926-12-01,6.705,INDPRO
1927-01-01,6.678,INDPRO
1927-02-01,6.7319,INDPRO
1927-03-01,6.8127,INDPRO
1927-04-01,6.6511,INDPRO
1927-05-01,6.705,INDPRO
1927-06-01,6.678,INDPRO
1927-07-01,6.5972,INDPRO
1927-08-01,6.5972,INDPRO
1927-09-01,6.4895,INDPRO
1927-10-01,6.3549,INDPRO
1927-11-01,6.3549,INDPRO
1927-12-01,6.3818,INDPRO
1928-01-01,6.5165,INDPRO
1928-02-01,6.5703,INDPRO
1928-03-01,6.6242,INDPRO
1928-04-01,6.5972,INDPRO
1928-05-01,6.678,INDPRO
1928-06-01,6.7319,INDPRO
1928-07-01,6.8127,INDPRO
1928-08-01,6.9473,INDPRO
1928-09-01,7.0012,INDPRO
1928-10-01,7.1358,INDPRO
1928-11-01,7.2704,INDPRO
1928-12-01,7.4051,INDPRO
1929-01-01,7.5128,INDPRO
1929-02-01,7.4858,INDPRO
1929-03-01,7.5128,INDPRO
1929-04-01,7.6474,INDPRO
1929-05-01,7.7821,INDPRO
1929-06-01,7.8359,INDPRO
1929-07-01,7.9436,INDPRO
1929-08-01,7.8628,INDPRO
1929-09-01,7.809,INDPRO
1929-10-01,7.6743,INDPRO
1929-11-01,7.2974,INDPRO
1929-12-01,6.9742,INDPRO
1930-01-01,6.9742,INDPRO
1930-02-01,6.9473,INDPRO
1930-03-01,6.8396,INDPRO
1930-04-01,6.7857,INDPRO
1930-05-01,6.678,INDPRO
1930-06-01,6.4895,INDPRO
1930-07-01,6.1933,INDPRO
1930-08-01,6.0587,INDPRO
1930-09-01,5.951,INDPRO
1930-10-01,5.7894,INDPRO
1930-11-01,5.6548,INDPRO
1930-12-01,5.5201,INDPRO
1931-01-01,5.4932,INDPRO
1931-02-01,5.5201,INDPRO
1931-03-01,5.6279,INDPRO
1931-04-01,5.6548,INDPRO
1931-05-01,5.574,INDPRO
1931-06-01,5.4394,INDPRO
1931-07-01,5.3586,INDPRO
1931-08-01,5.1701,INDPRO
1931-09-01,4.9277,INDPRO
1931-10-01,4.7392,INDPRO
1931-11-01,4.6854,INDPRO
1931-12-01,4.6585,INDPRO
1932-01-01,4.5238,INDPRO
1932-02-01,4.4161,INDPRO
1932-03-01,4.3623,INDPRO
1932-04-01,4.0661,INDPRO
1932-05-01,3.9314,INDPRO
1932-06-01,3.7968,INDPRO
1932-07-01,3.6891,INDPRO
1932-08-01,3.7968,INDPRO
1932-09-01,4.0391,INDPRO
1932-10-01,4.1738,INDPRO
1932-11-01,4.1738,INDPRO
1932-12-01,4.093,INDPRO
1933-01-01,4.0122,INDPRO
1933-02-01,4.0391,INDPRO
1933-03-01,3.7968,INDPRO
1933-04-01,4.0661,INDPRO
1933-05-01,4.7392,INDPRO
1933-06-01,5.4663,INDPRO
1933-07-01,5.9779,INDPRO
1933-08-01,5.7356,INDPRO
1933-09-01,5.4124,INDPRO
1933-10-01,5.1432,INDPRO
1933-11-01,4.847,INDPRO
1933-12-01,4.8739,INDPRO
1934-01-01,5.0354,INDPRO
1934-02-01,5.2778,INDPRO
1934-03-01,5.5201,INDPRO
1934-04-01,5.5201,INDPRO
1934-05-01,5.6278,INDPRO
1934-06-01,5.5201,INDPRO
1934-07-01,5.1432,INDPRO
1934-08-01,5.0893,INDPRO
1934-09-01,4.7931,INDPRO
1934-10-01,5.0085,INDPRO
1934-11-01,5.0624,INDPRO
1934-12-01,5.3855,INDPRO
1935-01-01,5.8163,INDPRO
1935-02-01,5.9241,INDPRO
1935-03-01,5.8971,INDPRO
1935-04-01,5.7894,INDPRO
1935-05-01,5.7894,INDPRO
1935-06-01,5.8702,INDPRO
1935-07-01,5.8702,INDPRO
1935-08-01,6.0856,INDPRO
1935-09-01,6.2472,INDPRO
1935-10-01,6.4357,INDPRO
1935-11-01,6.5703,INDPRO
1935-12-01,6.6511,INDPRO
1936-01-01,6.5434,INDPRO
1936-02-01,6.3818,INDPRO
1936-03-01,6.4626,INDPRO
1936-04-01,6.8665,INDPRO
1936-05-01,7.0012,INDPRO
1936-06-01,7.1358,INDPRO
1936-07-01,7.2704,INDPRO
1936-08-01,7.3781,INDPRO
1936-09-01,7.5128,INDPRO
1936-10-01,7.6205,INDPRO
1936-11-01,7.8359,INDPRO
1936-12-01,8.0783,INDPRO
1937-01-01,8.0513,INDPRO
1937-02-01,8.159,INDPRO
1937-03-01,8.3475,INDPRO
1937-04-01,8.3475,INDPRO
1937-05-01,8.3745,INDPRO
1937-06-01,8.2667,INDPRO
1937-07-01,8.3206,INDPRO
1937-08-01,8.2667,INDPRO
1937-09-01,7.9975,INDPRO
1937-10-01,7.4051,INDPRO
1937-11-01,6.678,INDPRO
1937-12-01,6.0856,INDPRO
1938-01-01,5.951,INDPRO
1938-02-01,5.8971,INDPRO
1938-03-01,5.8971,INDPRO
1938-04-01,5.7894,INDPRO
1938-05-01,5.6548,INDPRO
1938-06-01,5.7086,INDPRO
1938-07-01,6.0318,INDPRO
1938-08-01,6.3549,INDPRO
1938-09-01,6.5434,INDPRO
1938-10-01,6.705,INDPRO
1938-11-01,6.9742,INDPRO
1938-12-01,7.055,INDPRO
1939-01-01,7.055,INDPRO
1939-02-01,7.1089,INDPRO
1939-03-01,7.1358,INDPRO
1939-04-01,7.1089,INDPRO
1939-05-01,7.0819,INDPRO
1939-06-01,7.2435,INDPRO
1939-07-01,7.4589,INDPRO
1939-08-01,7.5666,INDPRO
1939-09-01,8.0244,INDPRO
1939-10-01,8.4283,INDPRO
1939-11-01,8.6437,INDPRO
1939-12-01,8.6437,INDPRO
1940-01-01,8.536,INDPRO
1940-02-01,8.2667,INDPRO
1940-03-01,8.0783,INDPRO
1940-04-01,8.2398,INDPRO
1940-05-01,8.4822,INDPRO
1940-06-01,8.7514,INDPRO
1940-07-01,8.8592,INDPRO
1940-08-01,8.913,INDPRO
1940-09-01,9.1015,INDPRO
1940-10-01,9.2361,INDPRO
1940-11-01,9.4516,INDPRO
1940-12-01,9.7747,INDPRO
1941-01-01,10.017,INDPRO
1941-02-01,10.3132,INDPRO
1941-03-01,10.6364,INDPRO
1941-04-01,10.6633,INDPRO
1941-05-01,11.148,INDPRO
1941-06-01,11.2288,INDPRO
1941-07-01,11.3634,INDPRO
1941-08-01,11.4981,INDPRO
1941-09-01,11.4981,INDPRO
1941-10-01,11.6058,INDPRO
1941-11-01,11.6596,INDPRO
1941-12-01,11.8481,INDPRO
1942-01-01,12.0905,INDPRO
1942-02-01,12.3059,INDPRO
1942-03-01,12.4405,INDPRO
1942-04-01,12.0905,INDPRO
1942-05-01,12.1174,INDPRO
1942-06-01,12.1443,INDPRO
1942-07-01,12.4405,INDPRO
1942-08-01,12.8175,INDPRO
1942-09-01,13.1137,INDPRO
1942-10-01,13.5445,INDPRO
1942-11-01,13.8677,INDPRO
1942-12-01,14.1908,INDPRO
1943-01-01,14.3255,INDPRO
1943-02-01,14.7024,INDPRO
1943-03-01,14.8102,INDPRO
1943-04-01,14.9986,INDPRO
1943-05-01,15.1063,INDPRO
1943-06-01,15.0256,INDPRO
1943-07-01,15.4833,INDPRO
1943-08-01,15.8064,INDPRO
1943-09-01,16.2104,INDPRO
1943-10-01,16.4527,INDPRO
1943-11-01,16.6681,INDPRO
1943-12-01,16.4527,INDPRO
1944-01-01,16.6412,INDPRO
1944-02-01,16.7758,INDPRO
1944-03-01,16.7489,INDPRO
1944-04-01,16.7489,INDPRO
1944-05-01,16.6412,INDPRO
1944-06-01,16.5874,INDPRO
1944-07-01,16.5604,INDPRO
1944-08-01,16.7758,INDPRO
1944-09-01,16.6681,INDPRO
1944-10-01,16.722,INDPRO
1944-11-01,16.5873,INDPRO
1944-12-01,16.5335,INDPRO
1945-01-01,16.3719,INDPRO
1945-02-01,16.3181,INDPRO
1945-03-01,16.2104,INDPRO
1945-04-01,15.9142,INDPRO
1945-05-01,15.4833,INDPRO
1945-06-01,15.1333,INDPRO
1945-07-01,14.7832,INDPRO
1945-08-01,13.2483,INDPRO
1945-09-01,12.0635,INDPRO
1945-10-01,11.5788,INDPRO
1945-11-01,12.0097,INDPRO
1945-12-01,12.0635,INDPRO
1946-01-01,11.3903,INDPRO
1946-02-01,10.8249,INDPRO
1946-03-01,11.9558,INDPRO
1946-04-01,11.7404,INDPRO
1946-05-01,11.3096,INDPRO
1946-06-01,12.0097,INDPRO
1946-07-01,12.4136,INDPRO
1946-08-01,12.8714,INDPRO
1946-09-01,13.1137,INDPRO
1946-10-01,13.356,INDPRO
1946-11-01,13.4368,INDPRO
1946-12-01,13.5176,INDPRO
1947-01-01,13.6792,INDPRO
1947-02-01,13.76,INDPRO
1947-03-01,13.8407,INDPRO
1947-04-01,13.733,INDPRO
1947-05-01,13.7869,INDPRO
1947-06-01,13.7869,INDPRO
1947-07-01,13.7061,INDPRO
1947-08-01,13.7869,INDPRO
1947-09-01,13.8946,INDPRO
1947-10-01,14.0292,INDPRO
1947-11-01,14.2177,INDPRO
1947-12-01,14.2716,INDPRO
1948-01-01,14.3524,INDPRO
1948-02-01,14.3793,INDPRO
1948-03-01,14.2177,INDPRO
1948-04-01,14.2447,INDPRO
1948-05-01,14.487,INDPRO
1948-06-01,14.6755,INDPRO
1948-07-01,14.6755,INDPRO
1948-08-01,14.6216,INDPRO
1948-09-01,14.5139,INDPRO
1948-10-01,14.6217,INDPRO
1948-11-01,14.4332,INDPRO
1948-12-01,14.2985,INDPRO
1949-01-01,14.1639,INDPRO
1949-02-01,14.0292,INDPRO
1949-03-01,13.76,INDPRO
1949-04-01,13.6792,INDPRO
1949-05-01,13.4907,INDPRO
1949-06-01,13.4638,INDPRO
1949-07-01,13.4368,INDPRO
1949-08-01,13.5715,INDPRO
1949-09-01,13.7061,INDPRO
1949-10-01,13.1945,INDPRO
1949-11-01,13.5446,INDPRO
1949-12-01,13.7869,INDPRO
1950-01-01,14.0292,INDPRO
1950-02-01,14.0831,INDPRO
1950-03-01,14.5409,INDPRO
1950-04-01,15.0255,INDPRO
1950-05-01,15.3756,INDPRO
1950-06-01,15.8334,INDPRO
1950-07-01,16.345,INDPRO
1950-08-01,16.8566,INDPRO
1950-09-01,16.7489,INDPRO
1950-10-01,16.8566,INDPRO
1950-11-01,16.8297,INDPRO
1950-12-01,17.1259,INDPRO
1951-01-01,17.1797,INDPRO
1951-02-01,17.2875,INDPRO
1951-03-01,17.3682,INDPRO
1951-04-01,17.3952,INDPRO
1951-05-01,17.3413,INDPRO
1951-06-01,17.2605,INDPRO
1951-07-01,16.9913,INDPRO
1951-08-01,16.8297,INDPRO
1951-09-01,16.9374,INDPRO
1951-10-01,16.9105,INDPRO
1951-11-01,17.0451,INDPRO
1951-12-01,17.1528,INDPRO
1952-01-01,17.3413,INDPRO
1952-02-01,17.449,INDPRO
1952-03-01,17.5029,INDPRO
1952-04-01,17.3413,INDPRO
1952-05-01,17.1798,INDPRO
1952-06-01,17.0182,INDPRO
1952-07-01,16.7489,INDPRO
1952-08-01,17.826,INDPRO
1952-09-01,18.4723,INDPRO
1952-10-01,18.6608,INDPRO
1952-11-01,19.0378,INDPRO
1952-12-01,19.1455,INDPRO
1953-01-01,19.1993,INDPRO
1953-02-01,19.307,INDPRO
1953-03-01,19.4686,INDPRO
1953-04-01,19.5494,INDPRO
1953-05-01,19.6571,INDPRO
1953-06-01,19.5763,INDPRO
1953-07-01,19.8187,INDPRO
1953-08-01,19.7109,INDPRO
1953-09-01,19.307,INDPRO
1953-10-01,19.1455,INDPRO
1953-11-01,18.6877,INDPRO
1953-12-01,18.2299,INDPRO
1954-01-01,18.0953,INDPRO
1954-02-01,18.1492,INDPRO
1954-03-01,18.0414,INDPRO
1954-04-01,17.9337,INDPRO
1954-05-01,18.0414,INDPRO
1954-06-01,18.0953,INDPRO
1954-07-01,18.1222,INDPRO
1954-08-01,18.0953,INDPRO
1954-09-01,18.1222,INDPRO
1954-10-01,18.3377,INDPRO
1954-11-01,18.6338,INDPRO
1954-12-01,18.8762,INDPRO
1955-01-01,19.307,INDPRO
1955-02-01,19.5494,INDPRO
1955-03-01,20.0071,INDPRO
1955-04-01,20.2495,INDPRO
1955-05-01,20.5726,INDPRO
1955-06-01,20.5996,INDPRO
1955-07-01,20.7611,INDPRO
1955-08-01,20.7342,INDPRO
1955-09-01,20.8688,INDPRO
1955-10-01,21.2189,INDPRO
1955-11-01,21.2727,INDPRO
1955-12-01,21.3535,INDPRO
1956-01-01,21.4882,INDPRO
1956-02-01,21.2997,INDPRO
1956-03-01,21.2997,INDPRO
1956-04-01,21.4612,INDPRO
1956-05-01,21.2728,INDPRO
1956-06-01,21.0843,INDPRO
1956-07-01,20.438,INDPRO
1956-08-01,21.2727,INDPRO
1956-09-01,21.7574,INDPRO
1956-10-01,21.9459,INDPRO
1956-11-01,21.7574,INDPRO
1956-12-01,22.0806,INDPRO
1957-01-01,21.9998,INDPRO
1957-02-01,22.2152,INDPRO
1957-03-01,22.1883,INDPRO
1957-04-01,21.8921,INDPRO
1957-05-01,21.8113,INDPRO
1957-06-01,21.8652,INDPRO
1957-07-01,21.9998,INDPRO
1957-08-01,21.9998,INDPRO
1957-09-01,21.8113,INDPRO
1957-10-01,21.4882,INDPRO
1957-11-01,20.9765,INDPRO
1957-12-01,20.5726,INDPRO
1958-01-01,20.1956,INDPRO
1958-02-01,19.7648,INDPRO
1958-03-01,19.5225,INDPRO
1958-04-01,19.1993,INDPRO
1958-05-01,19.3878,INDPRO
1958-06-01,19.8994,INDPRO
1958-07-01,20.1956,INDPRO
1958-08-01,20.5995,INDPRO
1958-09-01,20.7881,INDPRO
1958-10-01,21.0304,INDPRO
1958-11-01,21.6497,INDPRO
1958-12-01,21.6767,INDPRO
1959-01-01,21.9998,INDPRO
1959-02-01,22.4306,INDPRO
1959-03-01,22.7538,INDPRO
1959-04-01,23.2384,INDPRO
1959-05-01,23.5885,INDPRO
1959-06-01,23.6155,INDPRO
1959-07-01,23.05,INDPRO
1959-08-01,22.2691,INDPRO
1959-09-01,22.2421,INDPRO
1959-10-01,22.0806,INDPRO
1959-11-01,22.2152,INDPRO
1959-12-01,23.5885,INDPRO
1960-01-01,24.2078,INDPRO
1960-02-01,23.9924,INDPRO
1960-03-01,23.777,INDPRO
1960-04-01,23.5885,INDPRO
1960-05-01,23.5616,INDPRO
1960-06-01,23.2654,INDPRO
1960-07-01,23.1846,INDPRO
1960-08-01,23.1577,INDPRO
1960-09-01,22.9153,INDPRO
1960-10-01,22.8884,INDPRO
1960-11-01,22.5653,INDPRO
1960-12-01,22.1344,INDPRO
1961-01-01,22.1613,INDPRO
1961-02-01,22.1344,INDPRO
1961-03-01,22.2691,INDPRO
1961-04-01,22.7268,INDPRO
1961-05-01,23.0769,INDPRO
1961-06-01,23.4,INDPRO
1961-07-01,23.6693,INDPRO
1961-08-01,23.8847,INDPRO
1961-09-01,23.8578,INDPRO
1961-10-01,24.3156,INDPRO
1961-11-01,24.6926,INDPRO
1961-12-01,24.908,INDPRO
1962-01-01,24.6925,INDPRO
1962-02-01,25.0964,INDPRO
1962-03-01,25.2311,INDPRO
1962-04-01,25.285,INDPRO
1962-05-01,25.258,INDPRO
1962-06-01,25.2042,INDPRO
1962-07-01,25.4465,INDPRO
1962-08-01,25.4734,INDPRO
1962-09-01,25.635,INDPRO
1962-10-01,25.6619,INDPRO
1962-11-01,25.7696,INDPRO
1962-12-01,25.7696,INDPRO
1963-01-01,25.9581,INDPRO
1963-02-01,26.2544,INDPRO
1963-03-01,26.4159,INDPRO
1963-04-01,26.6582,INDPRO
1963-05-01,26.9814,INDPRO
1963-06-01,27.0622,INDPRO
1963-07-01,26.9545,INDPRO
1963-08-01,27.0083,INDPRO
1963-09-01,27.2776,INDPRO
1963-10-01,27.4661,INDPRO
1963-11-01,27.6007,INDPRO
1963-12-01,27.5469,INDPRO
1964-01-01,27.7892,INDPRO
1964-02-01,27.9777,INDPRO
1964-03-01,27.9777,INDPRO
1964-04-01,28.4355,INDPRO
1964-05-01,28.597,INDPRO
1964-06-01,28.6778,INDPRO
1964-07-01,28.8663,INDPRO
1964-08-01,29.0548,INDPRO
1964-09-01,29.1625,INDPRO
1964-10-01,28.7586,INDPRO
1964-11-01,29.6472,INDPRO
1964-12-01,29.9973,INDPRO
1965-01-01,30.3204,INDPRO
1965-02-01,30.5089,INDPRO
1965-03-01,30.9128,INDPRO
1965-04-01,31.0474,INDPRO
1965-05-01,31.2898,INDPRO
1965-06-01,31.5321,INDPRO
1965-07-01,31.8283,INDPRO
1965-08-01,31.963,INDPRO
1965-09-01,32.0438,INDPRO
1965-10-01,32.3669,INDPRO
1965-11-01,32.5015,INDPRO
1965-12-01,32.9054,INDPRO
1966-01-01,33.2286,INDPRO
1966-02-01,33.444,INDPRO
1966-03-01,33.9018,INDPRO
1966-04-01,33.9556,INDPRO
1966-05-01,34.2787,INDPRO
1966-06-01,34.4403,INDPRO
1966-07-01,34.6288,INDPRO
1966-08-01,34.6557,INDPRO
1966-09-01,34.9789,INDPRO
1966-10-01,35.2212,INDPRO
1966-11-01,34.9788,INDPRO
1966-12-01,35.0596,INDPRO
1967-01-01,35.225,INDPRO
1967-02-01,34.8255,INDPRO
1967-03-01,34.6292,INDPRO
1967-04-01,34.9558,INDPRO
1967-05-01,34.6508,INDPRO
1967-06-01,34.6465,INDPRO
1967-07-01,34.5676,INDPRO
1967-08-01,35.2299,INDPRO
1967-09-01,35.1727,INDPRO
1967-10-01,35.4591,INDPRO
1967-11-01,35.9663,INDPRO
1967-12-01,36.3536,INDPRO
1968-01-01,36.3145,INDPRO
1968-02-01,36.4446,INDPRO
1968-03-01,36.5584,INDPRO
1968-04-01,36.6113,INDPRO
1968-05-01,37.022,INDPRO
1968-06-01,37.158,INDPRO
1968-07-01,37.101,INDPRO
1968-08-01,37.2045,INDPRO
1968-09-01,37.3454,INDPRO
1968-10-01,37.4196,INDPRO
1968-11-01,37.9036,INDPRO
1968-12-01,38.0233,INDPRO
1969-01-01,38.2533,INDPRO
1969-02-01,38.4981,INDPRO
1969-03-01,38.8,INDPRO
1969-04-01,38.6573,INDPRO
1969-05-01,38.5111,INDPRO
1969-06-01,38.8874,INDPRO
1969-07-01,39.0927,INDPRO
1969-08-01,39.1825,INDPRO
1969-09-01,39.1737,INDPRO
1969-10-01,39.1852,INDPRO
1969-11-01,38.8158,INDPRO
1969-12-01,38.7116,INDPRO
1970-01-01,37.9948,INDPRO
1970-02-01,37.9698,INDPRO
1970-03-01,37.9205,INDPRO
1970-04-01,37.823,INDPRO
1970-05-01,37.7789,INDPRO
1970-06-01,37.6567,INDPRO
1970-07-01,37.7491,INDPRO
1970-08-01,37.6818,INDPRO
1970-09-01,37.4221,INDPRO
1970-10-01,36.6735,INDPRO
1970-11-01,36.4514,INDPRO
1970-12-01,37.2885,INDPRO
1971-01-01,37.5753,INDPRO
1971-02-01,37.5037,INDPRO
1971-03-01,37.4631,INDPRO
1971-04-01,37.6735,INDPRO
1971-05-01,37.8646,INDPRO
1971-06-01,38.0234,INDPRO
1971-07-01,37.9131,INDPRO
1971-08-01,37.693,INDPRO
1971-09-01,38.3056,INDPRO
1971-10-01,38.5924,INDPRO
1971-11-01,38.7561,INDPRO
1971-12-01,39.2035,INDPRO
1972-01-01,40.1408,INDPRO
1972-02-01,40.5459,INDPRO
1972-03-01,40.8263,INDPRO
1972-04-01,41.2348,INDPRO
1972-05-01,41.2405,INDPRO
1972-06-01,41.3497,INDPRO
1972-07-01,41.3035,INDPRO
1972-08-01,41.879,INDPRO
1972-09-01,42.2132,INDPRO
1972-10-01,42.7494,INDPRO
1972-11-01,43.2548,INDPRO
1972-12-01,43.7367,INDPRO
1973-01-01,44.0529,INDPRO
1973-02-01,44.6827,INDPRO
1973-03-01,44.7045,INDPRO
1973-04-01,44.6387,INDPRO
1973-05-01,44.9429,INDPRO
1973-06-01,45.0035,INDPRO
1973-07-01,45.1636,INDPRO
1973-08-01,45.1019,INDPRO
1973-09-01,45.4624,INDPRO
1973-10-01,45.847,INDPRO
1973-11-01,46.0553,INDPRO
1973-12-01,45.923,INDPRO
1974-01-01,45.6204,INDPRO
1974-02-01,45.4759,INDPRO
1974-03-01,45.4777,INDPRO
1974-04-01,45.3451,INDPRO
1974-05-01,45.7044,INDPRO
1974-06-01,45.6238,INDPRO
1974-07-01,45.7221,INDPRO
1974-08-01,45.2366,INDPRO
1974-09-01,45.2365,INDPRO
1974-10-01,45.1133,INDPRO
1974-11-01,43.6278,INDPRO
1974-12-01,42.0533,INDPRO
1975-01-01,41.4676,INDPRO
1975-02-01,40.5165,INDPRO
1975-03-01,40.0638,INDPRO
1975-04-01,40.1573,INDPRO
1975-05-01,40.0253,INDPRO
1975-06-01,40.2772,INDPRO
1975-07-01,40.6994,INDPRO
1975-08-01,41.0998,INDPRO
1975-09-01,41.6304,INDPRO
1975-10-01,41.8135,INDPRO
1975-11-01,41.8697,INDPRO
1975-12-01,42.4414,INDPRO
1976-01-01,43.0012,INDPRO
1976-02-01,43.4229,INDPRO
1976-03-01,43.5168,INDPRO
1976-04-01,43.7327,INDPRO
1976-05-01,43.9186,INDPRO
1976-06-01,43.9637,INDPRO
1976-07-01,44.2141,INDPRO
1976-08-01,44.5182,INDPRO
1976-09-01,44.6721,INDPRO
1976-10-01,44.6585,INDPRO
1976-11-01,45.3392,INDPRO
1976-12-01,45.8294,INDPRO
1977-01-01,45.5087,INDPRO
1977-02-01,46.2277,INDPRO
1977-03-01,46.8185,INDPRO
1977-04-01,47.2684,INDPRO
1977-05-01,47.6411,INDPRO
1977-06-01,48.0116,INDPRO
1977-07-01,48.073,INDPRO
1977-08-01,48.1205,INDPRO
1977-09-01,48.3189,INDPRO
1977-10-01,48.3871,INDPRO
1977-11-01,48.4761,INDPRO
1977-12-01,48.5629,INDPRO
1978-01-01,47.8481,INDPRO
1978-02-01,48.1044,INDPRO
1978-03-01,49.0265,INDPRO
1978-04-01,50.0206,INDPRO
1978-05-01,50.254,INDPRO
1978-06-01,50.5801,INDPRO
1978-07-01,50.5384,INDPRO
1978-08-01,50.7458,INDPRO
1978-09-01,50.8744,INDPRO
1978-10-01,51.2559,INDPRO
1978-11-01,51.6514,INDPRO
1978-12-01,51.909,INDPRO
1979-01-01,51.6278,INDPRO
1979-02-01,51.8752,INDPRO
1979-03-01,52.0446,INDPRO
1979-04-01,51.4193,INDPRO
1979-05-01,51.8856,INDPRO
1979-06-01,51.8965,INDPRO
1979-07-01,51.8097,INDPRO
1979-08-01,51.4684,INDPRO
1979-09-01,51.4597,INDPRO
1979-10-01,51.8334,INDPRO
1979-11-01,51.7531,INDPRO
1979-12-01,51.7878,INDPRO
1980-01-01,52.0679,INDPRO
1980-02-01,52.082,INDPRO
1980-03-01,51.87,INDPRO
1980-04-01,50.8397,INDPRO
1980-05-01,49.589,INDPRO
1980-06-01,48.9482,INDPRO
1980-07-01,48.6039,INDPRO
1980-08-01,48.7563,INDPRO
1980-09-01,49.5608,INDPRO
1980-10-01,50.1908,INDPRO
1980-11-01,51.0311,INDPRO
1980-12-01,51.3708,INDPRO
1981-01-01,51.0415,INDPRO
1981-02-01,50.824,INDPRO
1981-03-01,51.0826,INDPRO
1981-04-01,50.858,INDPRO
1981-05-01,51.1495,INDPRO
1981-06-01,51.4101,INDPRO
1981-07-01,51.7471,INDPRO
1981-08-01,51.6826,INDPRO
1981-09-01,51.4337,INDPRO
1981-10-01,51.0281,INDPRO
1981-11-01,50.435,INDPRO
1981-12-01,49.8987,INDPRO
1982-01-01,48.8685,INDPRO
1982-02-01,49.8636,INDPRO
1982-03-01,49.5323,INDPRO
1982-04-01,49.075,INDPRO
1982-05-01,48.7483,INDPRO
1982-06-01,48.6214,INDPRO
1982-07-01,48.4616,INDPRO
1982-08-01,48.0192,INDPRO
1982-09-01,47.9008,INDPRO
1982-10-01,47.4371,INDPRO
1982-11-01,47.283,INDPRO
1982-12-01,46.9485,INDPRO
1983-01-01,47.8234,INDPRO
1983-02-01,47.5233,INDPRO
1983-03-01,47.9244,INDPRO
1983-04-01,48.5311,INDPRO
1983-05-01,48.8239,INDPRO
1983-06-01,49.123,INDPRO
1983-07-01,49.8546,INDPRO
1983-08-01,50.4443,INDPRO
1983-09-01,51.178,INDPRO
1983-10-01,51.5693,INDPRO
1983-11-01,51.7993,INDPRO
1983-12-01,52.0594,INDPRO
1984-01-01,53.0985,INDPRO
1984-02-01,53.3318,INDPRO
1984-03-01,53.5929,INDPRO
1984-04-01,53.91,INDPRO
1984-05-01,54.2026,INDPRO
1984-06-01,54.4014,INDPRO
1984-07-01,54.5521,INDPRO
1984-08-01,54.6083,INDPRO
1984-09-01,54.4466,INDPRO
1984-10-01,54.4406,INDPRO
1984-11-01,54.624,INDPRO
1984-12-01,54.6416,INDPRO
1985-01-01,54.6322,INDPRO
1985-02-01,54.7825,INDPRO
1985-03-01,54.8653,INDPRO
1985-04-01,54.7459,INDPRO
1985-05-01,54.8255,INDPRO
1985-06-01,54.7989,INDPRO
1985-07-01,54.5396,INDPRO
1985-08-01,54.7055,INDPRO
1985-09-01,54.8906,INDPRO
1985-10-01,54.7199,INDPRO
1985-11-01,54.9124,INDPRO
1985-12-01,55.4412,INDPRO
1986-01-01,55.7481,INDPRO
1986-02-01,55.3568,INDPRO
1986-03-01,54.9625,INDPRO
1986-04-01,55.0413,INDPRO
1986-05-01,55.1226,INDPRO
1986-06-01,54.9005,INDPRO
1986-07-01,55.2592,INDPRO
1986-08-01,55.1567,INDPRO
1986-09-01,55.2975,INDPRO
1986-10-01,55.5332,INDPRO
1986-11-01,55.7557,INDPRO
1986-12-01,56.2845,INDPRO
1987-01-01,56.0882,INDPRO
1987-02-01,56.8275,INDPRO
1987-03-01,56.9098,INDPRO
1987-04-01,57.2701,INDPRO
1987-05-01,57.6322,INDPRO
1987-06-01,57.9307,INDPRO
1987-07-01,58.3258,INDPRO
1987-08-01,58.7636,INDPRO
1987-09-01,58.9951,INDPRO
1987-10-01,59.781,INDPRO
1987-11-01,60.0726,INDPRO
1987-12-01,60.4095,INDPRO
1988-01-01,60.3976,INDPRO
1988-02-01,60.7003,INDPRO
1988-03-01,60.8501,INDPRO
1988-04-01,61.2031,INDPRO
1988-05-01,61.0797,INDPRO
1988-06-01,61.2569,INDPRO
1988-07-01,61.2659,INDPRO
1988-08-01,61.5731,INDPRO
1988-09-01,61.3807,INDPRO
1988-10-01,61.6453,INDPRO
1988-11-01,61.7944,INDPRO
1988-12-01,62.0743,INDPRO
1989-01-01,62.2574,INDPRO
1989-02-01,61.9819,INDPRO
1989-03-01,62.1369,INDPRO
1989-04-01,62.1276,INDPRO
1989-05-01,61.7744,INDPRO
1989-06-01,61.7697,INDPRO
1989-07-01,61.1738,INDPRO
1989-08-01,61.7732,INDPRO
1989-09-01,61.5796,INDPRO
1989-10-01,61.4966,INDPRO
1989-11-01,61.7044,INDPRO
1989-12-01,62.0428,INDPRO
1990-01-01,61.729,INDPRO
1990-02-01,62.2896,INDPRO
1990-03-01,62.5999,INDPRO
1990-04-01,62.4359,INDPRO
1990-05-01,62.6258,INDPRO
1990-06-01,62.8382,INDPRO
1990-07-01,62.7284,INDPRO
1990-08-01,62.9475,INDPRO
1990-09-01,62.9523,INDPRO
1990-10-01,62.5845,INDPRO
1990-11-01,61.7887,INDPRO
1990-12-01,61.3352,INDPRO
1991-01-01,61.1355,INDPRO
1991-02-01,60.6838,INDPRO
1991-03-01,60.3346,INDPRO
1991-04-01,60.4938,INDPRO
1991-05-01,61.0633,INDPRO
1991-06-01,61.5581,INDPRO
1991-07-01,61.7305,INDPRO
1991-08-01,61.7298,INDPRO
1991-09-01,62.2195,INDPRO
1991-10-01,62.1855,INDPRO
1991-11-01,62.0871,INDPRO
1991-12-01,61.7852,INDPRO
1992-01-01,61.4616,INDPRO
1992-02-01,61.8955,INDPRO
1992-03-01,62.4232,INDPRO
1992-04-01,62.897,INDPRO
1992-05-01,63.104,INDPRO
1992-06-01,63.1363,INDPRO
1992-07-01,63.7176,INDPRO
1992-08-01,63.3613,INDPRO
1992-09-01,63.5703,INDPRO
1992-10-01,63.9995,INDPRO
1992-11-01,64.2422,INDPRO
1992-12-01,64.3507,INDPRO
1993-01-01,64.5978,INDPRO
1993-02-01,64.9089,INDPRO
1993-03-01,64.8522,INDPRO
1993-04-01,65.0301,INDPRO
1993-05-01,64.784,INDPRO
1993-06-01,64.9301,INDPRO
1993-07-01,65.1052,INDPRO
1993-08-01,65.0267,INDPRO
1993-09-01,65.3717,INDPRO
1993-10-01,65.8509,INDPRO
1993-11-01,66.1518,INDPRO
1993-12-01,66.5436,INDPRO
1994-01-01,66.7351,INDPRO
1994-02-01,66.774,INDPRO
1994-03-01,67.4552,INDPRO
1994-04-01,67.8541,INDPRO
1994-05-01,68.1663,INDPRO
1994-06-01,68.6265,INDPRO
1994-07-01,68.7178,INDPRO
1994-08-01,69.1785,INDPRO
1994-09-01,69.3961,INDPRO
1994-10-01,69.9544,INDPRO
1994-11-01,70.4326,INDPRO
1994-12-01,71.1523,INDPRO
1995-01-01,71.2734,INDPRO
1995-02-01,71.193,INDPRO
1995-03-01,71.3113,INDPRO
1995-04-01,71.1882,INDPRO
1995-05-01,71.5378,INDPRO
1995-06-01,71.7749,INDPRO
1995-07-01,71.4748,INDPRO
1995-08-01,72.4223,INDPRO
1995-09-01,72.7144,INDPRO
1995-10-01,72.5866,INDPRO
1995-11-01,72.7779,INDPRO
1995-12-01,73.0305,INDPRO
1996-01-01,72.6125,INDPRO
1996-02-01,73.6752,INDPRO
1996-03-01,73.585,INDPRO
1996-04-01,74.3172,INDPRO
1996-05-01,74.8726,INDPRO
1996-06-01,75.4433,INDPRO
1996-07-01,75.4549,INDPRO
1996-08-01,75.8411,INDPRO
1996-09-01,76.3158,INDPRO
1996-10-01,76.3384,INDPRO
1996-11-01,77.0397,INDPRO
1996-12-01,77.5333,INDPRO
1997-01-01,77.6562,INDPRO
1997-02-01,78.5833,INDPRO
1997-03-01,79.082,INDPRO
1997-04-01,79.1747,INDPRO
1997-05-01,79.6133,INDPRO
1997-06-01,79.9792,INDPRO
1997-07-01,80.6624,INDPRO
1997-08-01,81.4694,INDPRO
1997-09-01,82.2156,INDPRO
1997-10-01,82.9446,INDPRO
1997-11-01,83.5978,INDPRO
1997-12-01,83.9538,INDPRO
1998-01-01,84.3218,INDPRO
1998-02-01,84.4583,INDPRO
1998-03-01,84.488,INDPRO
1998-04-01,84.7779,INDPRO
1998-05-01,85.3367,INDPRO
1998-06-01,84.8248,INDPRO
1998-07-01,84.4986,INDPRO
1998-08-01,86.248,INDPRO
1998-09-01,86.2021,INDPRO
1998-10-01,86.7914,INDPRO
1998-11-01,86.7256,INDPRO
1998-12-01,87.1185,INDPRO
1999-01-01,87.4949,INDPRO
1999-02-01,88.027,INDPRO
1999-03-01,88.2267,INDPRO
1999-04-01,88.4295,INDPRO
1999-05-01,88.9886,INDPRO
1999-06-01,88.9188,INDPRO
1999-07-01,89.4333,INDPRO
1999-08-01,89.7924,INDPRO
1999-09-01,89.4299,INDPRO
1999-10-01,90.523,INDPRO
1999-11-01,90.9618,INDPRO
1999-12-01,91.6634,INDPRO
2000-01-01,91.538,INDPRO
2000-02-01,91.8239,INDPRO
2000-03-01,92.1504,INDPRO
2000-04-01,92.6989,INDPRO
2000-05-01,92.9499,INDPRO
2000-06-01,92.9862,INDPRO
2000-07-01,92.8048,INDPRO
2000-08-01,92.5521,INDPRO
2000-09-01,92.9792,INDPRO
2000-10-01,92.6179,INDPRO
2000-11-01,92.6438,INDPRO
2000-12-01,92.3415,INDPRO
2001-01-01,91.902,INDPRO
2001-02-01,91.3034,INDPRO
2001-03-01,91.1162,INDPRO
2001-04-01,90.7891,INDPRO
2001-05-01,90.3555,INDPRO
2001-06-01,89.8784,INDPRO
2001-07-01,89.3028,INDPRO
2001-08-01,89.2003,INDPRO
2001-09-01,88.7485,INDPRO
2001-10-01,88.5052,INDPRO
2001-11-01,87.97,INDPRO
2001-12-01,87.9324,INDPRO
2002-01-01,88.5176,INDPRO
2002-02-01,88.5278,INDPRO
2002-03-01,89.1686,INDPRO
2002-04-01,89.604,INDPRO
2002-05-01,89.964,INDPRO
2002-06-01,90.7061,INDPRO
2002-07-01,90.6769,INDPRO
2002-08-01,90.5762,INDPRO
2002-09-01,90.6531,INDPRO
2002-10-01,90.4643,INDPRO
2002-11-01,90.9711,INDPRO
2002-12-01,90.4652,INDPRO
2003-01-01,91.2361,INDPRO
2003-02-01,91.3445,INDPRO
2003-03-01,91.1044,INDPRO
2003-04-01,90.5617,INDPRO
2003-05-01,90.537,INDPRO
2003-06-01,90.6527,INDPRO
2003-07-01,91.1185,INDPRO
2003-08-01,90.9197,INDPRO
2003-09-01,91.5059,INDPRO
2003-10-01,91.6186,INDPRO
2003-11-01,92.2329,INDPRO
2003-12-01,92.2602,INDPRO
2004-01-01,92.4006,INDPRO
2004-02-01,92.958,INDPRO
2004-03-01,92.5861,INDPRO
2004-04-01,92.93,INDPRO
2004-05-01,93.6013,INDPRO
2004-06-01,92.871,INDPRO
2004-07-01,93.5649,INDPRO
2004-08-01,93.6277,INDPRO
2004-09-01,93.7467,INDPRO
2004-10-01,94.5465,INDPRO
2004-11-01,94.7813,INDPRO
2004-12-01,95.5365,INDPRO
2005-01-01,95.8801,INDPRO
2005-02-01,96.5761,INDPRO
2005-03-01,96.4456,INDPRO
2005-04-01,96.6532,INDPRO
2005-05-01,96.7402,INDPRO
2005-06-01,97.1753,INDPRO
2005-07-01,96.8676,INDPRO
2005-08-01,97.1833,INDPRO
2005-09-01,95.3005,INDPRO
2005-10-01,96.4572,INDPRO
2005-11-01,97.5414,INDPRO
2005-12-01,98.0452,INDPRO
2006-01-01,98.1999,INDPRO
2006-02-01,98.2413,INDPRO
2006-03-01,98.4628,INDPRO
2006-04-01,98.7618,INDPRO
2006-05-01,98.7869,INDPRO
2006-06-01,99.0997,INDPRO
2006-07-01,99.0489,INDPRO
2006-08-01,99.4836,INDPRO
2006-09-01,99.3183,INDPRO
2006-10-01,99.2044,INDPRO
2006-11-01,99.1627,INDPRO
2006-12-01,100.1735,INDPRO
2007-01-01,99.8346,INDPRO
2007-02-01,100.7753,INDPRO
2007-03-01,100.9547,INDPRO
2007-04-01,101.6334,INDPRO
2007-05-01,101.7306,INDPRO
2007-06-01,101.7893,INDPRO
2007-07-01,101.6672,INDPRO
2007-08-01,101.863,INDPRO
2007-09-01,102.0894,INDPRO
2007-10-01,101.8015,INDPRO
2007-11-01,102.3446,INDPRO
2007-12-01,102.3803,INDPRO
2008-01-01,102.2448,INDPRO
2008-02-01,101.8438,INDPRO
2008-03-01,101.5336,INDPRO
2008-04-01,100.8785,INDPRO
2008-05-01,100.2674,INDPRO
2008-06-01,100.0335,INDPRO
2008-07-01,99.676,INDPRO
2008-08-01,98.1111,INDPRO
2008-09-01,93.7895,INDPRO
2008-10-01,94.7219,INDPRO
2008-11-01,93.4715,INDPRO
2008-12-01,90.8357,INDPRO
2009-01-01,88.57,INDPRO
2009-02-01,88.031,INDPRO
2009-03-01,86.6528,INDPRO
2009-04-01,85.9344,INDPRO
2009-05-01,85.0665,INDPRO
2009-06-01,84.7459,INDPRO
2009-07-01,85.7027,INDPRO
2009-08-01,86.6426,INDPRO
2009-09-01,87.4063,INDPRO
2009-10-01,87.6419,INDPRO
2009-11-01,88.0221,INDPRO
2009-12-01,88.3793,INDPRO
2010-01-01,89.3426,INDPRO
2010-02-01,89.6779,INDPRO
2010-03-01,90.2928,INDPRO
2010-04-01,90.5991,INDPRO
2010-05-01,91.823,INDPRO
2010-06-01,91.9928,INDPRO
2010-07-01,92.3421,INDPRO
2010-08-01,92.6805,INDPRO
2010-09-01,92.9537,INDPRO
2010-10-01,92.6903,INDPRO
2010-11-01,92.7709,INDPRO
2010-12-01,93.6787,INDPRO
2011-01-01,93.4814,INDPRO
2011-02-01,93.1102,INDPRO
2011-03-01,94.0788,INDPRO
2011-04-01,93.7749,INDPRO
2011-05-01,93.888,INDPRO
2011-06-01,94.172,INDPRO
2011-07-01,94.636,INDPRO
2011-08-01,95.2749,INDPRO
2011-09-01,95.1961,INDPRO
2011-10-01,95.8568,INDPRO
2011-11-01,95.8485,INDPRO
2011-12-01,96.3571,INDPRO
2012-01-01,96.9318,INDPRO
2012-02-01,97.2435,INDPRO
2012-03-01,96.74,INDPRO
2012-04-01,97.4359,INDPRO
2012-05-01,97.6609,INDPRO
2012-06-01,97.6663,INDPRO
2012-07-01,97.8713,INDPRO
2012-08-01,97.4525,INDPRO
2012-09-01,97.381,INDPRO
2012-10-01,97.7193,INDPRO
2012-11-01,98.0777,INDPRO
2012-12-01,98.3101,INDPRO
2013-01-01,98.3342,INDPRO
2013-02-01,98.7941,INDPRO
2013-03-01,99.1921,INDPRO
2013-04-01,99.1065,INDPRO
2013-05-01,99.1839,INDPRO
2013-06-01,99.3897,INDPRO
2013-07-01,99.0814,INDPRO
2013-08-01,99.6543,INDPRO
2013-09-01,100.161,INDPRO
2013-10-01,100.082,INDPRO
2013-11-01,100.3158,INDPRO
2013-12-01,100.5175,INDPRO
2014-01-01,100.1599,INDPRO
2014-02-01,100.9168,INDPRO
2014-03-01,101.8942,INDPRO
2014-04-01,101.9928,INDPRO
2014-05-01,102.3836,INDPRO
2014-06-01,102.735,INDPRO
2014-07-01,102.9632,INDPRO
2014-08-01,102.7688,INDPRO
2014-09-01,103.0641,INDPRO
2014-10-01,103.0764,INDPRO
2014-11-01,103.7126,INDPRO
2014-12-01,103.7044,INDPRO
2015-01-01,102.8905,INDPRO
2015-02-01,102.2335,INDPRO
2015-03-01,101.8914,INDPRO
2015-04-01,101.3355,INDPRO
2015-05-01,100.8883,INDPRO
2015-06-01,100.571,INDPRO
2015-07-01,101.2228,INDPRO
2015-08-01,101.0367,INDPRO
2015-09-01,100.7547,INDPRO
2015-10-01,100.2675,INDPRO
2015-11-01,99.5298,INDPRO
2015-12-01,99.0417,INDPRO
2016-01-01,99.5607,INDPRO
2016-02-01,99.0445,INDPRO
2016-03-01,98.3096,INDPRO
2016-04-01,98.6421,INDPRO
2016-05-01,98.4184,INDPRO
2016-06-01,98.8833,INDPRO
2016-07-01,98.9992,INDPRO
2016-08-01,98.85,INDPRO
2016-09-01,98.7457,INDPRO
2016-10-01,98.7611,INDPRO
2016-11-01,98.3491,INDPRO
2016-12-01,99.0214,INDPRO
2017-01-01,98.7611,INDPRO
2017-02-01,98.3646,INDPRO
2017-03-01,99.0137,INDPRO
2017-04-01,100.0224,INDPRO
2017-05-01,100.1408,INDPRO
2017-06-01,100.3471,INDPRO
2017-07-01,100.1068,INDPRO
2017-08-01,99.6925,INDPRO
2017-09-01,99.7954,INDPRO
2017-10-01,101.0247,INDPRO
2017-11-01,101.2664,INDPRO
2017-12-01,101.4644,INDPRO
2018-01-01,101.4625,INDPRO
2018-02-01,101.7085,INDPRO
2018-03-01,102.2067,INDPRO
2018-04-01,103.3329,INDPRO
2018-05-01,102.4024,INDPRO
2018-06-01,103.198,INDPRO
2018-07-01,103.3646,INDPRO
2018-08-01,104.0327,INDPRO
2018-09-01,104.1004,INDPRO
2018-10-01,103.9856,INDPRO
2018-11-01,104.0681,INDPRO
2018-12-01,104.0936,INDPRO
2019-01-01,103.4021,INDPRO
2019-02-01,102.8371,INDPRO
2019-03-01,102.8757,INDPRO
2019-04-01,102.274,INDPRO
2019-05-01,102.392,INDPRO
2019-06-01,102.4375,INDPRO
2019-07-01,101.9408,INDPRO
2019-08-01,102.639,INDPRO
2019-09-01,102.2917,INDPRO
2019-10-01,101.4281,INDPRO
2019-11-01,101.9372,INDPRO
2019-12-01,101.7003,INDPRO
2020-01-01,101.0338,INDPRO
2020-02-01,101.3735,INDPRO
2020-03-01,97.4078,INDPRO
2020-04-01,84.5619,INDPRO
2020-05-01,85.9604,INDPRO
2020-06-01,91.5934,INDPRO
2020-07-01,95.0256,INDPRO
2020-08-01,95.9549,INDPRO
2020-09-01,95.9669,INDPRO
2020-10-01,96.7394,INDPRO
2020-11-01,97.0816,INDPRO
2020-12-01,98.363,INDPRO
2021-01-01,98.8822,INDPRO
2021-02-01,95.6149,INDPRO
2021-03-01,98.3856,INDPRO
2021-04-01,98.5587,INDPRO
2021-05-01,99.4333,INDPRO
2021-06-01,99.7987,INDPRO
2021-07-01,100.2519,INDPRO
2021-08-01,100.0437,INDPRO
2021-09-01,98.8579,INDPRO
2021-10-01,100.1861,INDPRO
2021-11-01,100.8654,INDPRO
2021-12-01,100.5726,INDPRO
2022-01-01,100.1856,INDPRO
2022-02-01,100.8064,INDPRO
2022-03-01,101.3907,INDPRO
2022-04-01,101.44,INDPRO
2022-05-01,101.3335,INDPRO
2022-06-01,101.018,INDPRO
2022-07-01,101.223,INDPRO
2022-08-01,101.0963,INDPRO
2022-09-01,101.2918,INDPRO
2022-10-01,101.2529,INDPRO
2022-11-01,100.9552,INDPRO
2022-12-01,99.7664,INDPRO
2023-01-01,100.505,INDPRO
2023-02-01,100.6416,INDPRO
2023-03-01,101.0205,INDPRO
2023-04-01,101.253,INDPRO
2023-05-01,100.9286,INDPRO
2023-06-01,100.1196,INDPRO
2023-07-01,100.9067,INDPRO
2023-08-01,100.8393,INDPRO
2023-09-01,101.0211,INDPRO
2023-10-01,100.4689,INDPRO
2023-11-01,100.8639,INDPRO
2023-12-01,100.6031,INDPRO
2024-01-01,99.2223,INDPRO
2024-02-01,100.285,INDPRO
2024-03-01,100.4575,INDPRO
2024-04-01,100.2434,INDPRO
2024-05-01,100.863,INDPRO
2024-06-01,100.894,INDPRO
2024-07-01,99.9757,INDPRO
2024-08-01,100.4309,INDPRO
2024-09-01,99.8084,INDPRO
2024-10-01,99.4695,INDPRO
2024-11-01,99.2925,INDPRO
2024-12-01,100.3273,INDPRO
2025-01-01,100.0647,INDPRO
2025-02-01,101.0993,INDPRO
2025-03-01,101.0404,INDPRO
2025-04-01,101.1279,INDPRO
2025-05-01,100.9655,INDPRO
2025-06-01,101.4785,INDPRO
2025-07-01,101.894,INDPRO
2025-08-01,101.6247,INDPRO
2025-09-01,101.668,INDPRO
2025-10-01,101.2195,INDPRO
2025-11-01,101.0344,INDPRO
2025-12-01,101.5203,INDPRO
2026-01-01,101.4737,INDPRO
2026-02-01,102.1009,INDPRO
2026-03-01,101.806,INDPRO
2026-04-01,102.4963,INDPRO
1993-01-31,6.389999866485596,DGS10
1993-02-28,6.03000020980835,DGS10
1993-03-31,6.03000020980835,DGS10
1993-04-30,6.050000190734863,DGS10
1993-05-31,6.159999847412109,DGS10
1993-06-30,5.800000190734863,DGS10
1993-07-31,5.829999923706055,DGS10
1993-08-31,5.449999809265137,DGS10
1993-09-30,5.400000095367432,DGS10
1993-10-31,5.388000011444092,DGS10
1993-11-30,5.795000076293945,DGS10
1993-12-31,5.7829999923706055,DGS10
1994-01-31,5.638000011444092,DGS10
1994-02-28,6.150000095367432,DGS10
1994-03-31,6.77400016784668,DGS10
1994-04-30,7.034999847412109,DGS10
1994-05-31,7.1519999504089355,DGS10
1994-06-30,7.328999996185303,DGS10
1994-07-31,7.09499979019165,DGS10
1994-08-31,7.164999961853027,DGS10
1994-09-30,7.598999977111816,DGS10
1994-10-31,7.793000221252441,DGS10
1994-11-30,7.888000011444092,DGS10
1994-12-31,7.827000141143799,DGS10
1995-01-31,7.592999935150147,DGS10
1995-02-28,7.210000038146973,DGS10
1995-03-31,7.189000129699707,DGS10
1995-04-30,7.046000003814697,DGS10
1995-05-31,6.285999774932861,DGS10
1995-06-30,6.203000068664551,DGS10
1995-07-31,6.428999900817871,DGS10
1995-08-31,6.2729997634887695,DGS10
1995-09-30,6.1570000648498535,DGS10
1995-10-31,6.002999782562256,DGS10
1995-11-30,5.744999885559082,DGS10
1995-12-31,5.574999809265137,DGS10
1996-01-31,5.580999851226807,DGS10
1996-02-29,6.111999988555908,DGS10
1996-03-31,6.334000110626221,DGS10
1996-04-30,6.632999897003174,DGS10
1996-05-31,6.843999862670898,DGS10
1996-06-30,6.710999965667725,DGS10
1996-07-31,6.789999961853027,DGS10
1996-08-31,6.935999870300293,DGS10
1996-09-30,6.698999881744385,DGS10
1996-10-31,6.348999977111816,DGS10
1996-11-30,6.039999961853027,DGS10
1996-12-31,6.4070000648498535,DGS10
1997-01-31,6.502999782562256,DGS10
1997-02-28,6.534999847412109,DGS10
1997-03-31,6.9070000648498535,DGS10
1997-04-30,6.702000141143799,DGS10
1997-05-31,6.663000106811523,DGS10
1997-06-30,6.501999855041504,DGS10
1997-07-31,6.004000186920166,DGS10
1997-08-31,6.329999923706055,DGS10
1997-09-30,6.10699987411499,DGS10
1997-10-31,5.818999767303467,DGS10
1997-11-30,5.85099983215332,DGS10
1997-12-31,5.738999843597412,DGS10
1998-01-31,5.51200008392334,DGS10
1998-02-28,5.616000175476074,DGS10
1998-03-31,5.6620001792907715,DGS10
1998-04-30,5.666999816894531,DGS10
1998-05-31,5.546000003814697,DGS10
1998-06-30,5.434000015258789,DGS10
1998-07-31,5.49399995803833,DGS10
1998-08-31,5.0320000648498535,DGS10
1998-09-30,4.409999847412109,DGS10
1998-10-31,4.603000164031982,DGS10
1998-11-30,4.72599983215332,DGS10
1998-12-31,4.638000011444092,DGS10
1999-01-31,4.6529998779296875,DGS10
1999-02-28,5.271999835968018,DGS10
1999-03-31,5.234000205993652,DGS10
1999-04-30,5.349999904632568,DGS10
1999-05-31,5.611000061035156,DGS10
1999-06-30,5.809999942779541,DGS10
1999-07-31,5.9070000648498535,DGS10
1999-08-31,5.979000091552734,DGS10
1999-09-30,5.885000228881836,DGS10
1999-10-31,6.002999782562256,DGS10
1999-11-30,6.163000106811523,DGS10
1999-12-31,6.434999942779541,DGS10
2000-01-31,6.666999816894531,DGS10
2000-02-29,6.408999919891357,DGS10
2000-03-31,6.0229997634887695,DGS10
2000-04-30,6.214000225067139,DGS10
2000-05-31,6.284999847412109,DGS10
2000-06-30,6.01800012588501,DGS10
2000-07-31,6.0289998054504395,DGS10
2000-08-31,5.729000091552734,DGS10
2000-09-30,5.7779998779296875,DGS10
2000-10-31,5.756999969482422,DGS10
2000-11-30,5.439000129699707,DGS10
2000-12-31,5.110000133514404,DGS10
2001-01-31,5.178999900817871,DGS10
2001-02-28,4.9079999923706055,DGS10
2001-03-31,4.914999961853027,DGS10
2001-04-30,5.3379998207092285,DGS10
2001-05-31,5.413000106811523,DGS10
2001-06-30,5.389999866485596,DGS10
2001-07-31,5.0370001792907715,DGS10
2001-08-31,4.815999984741211,DGS10
2001-09-30,4.574999809265137,DGS10
2001-10-31,4.263000011444092,DGS10
2001-11-30,4.74399995803833,DGS10
2001-12-31,5.0320000648498535,DGS10
2002-01-31,5.025000095367432,DGS10
2002-02-28,4.859000205993652,DGS10
2002-03-31,5.406000137329102,DGS10
2002-04-30,5.091000080108643,DGS10
2002-05-31,5.043000221252441,DGS10
2002-06-30,4.823999881744385,DGS10
2002-07-31,4.465000152587891,DGS10
2002-08-31,4.13700008392334,DGS10
2002-09-30,3.60700011253357,DGS10
2002-10-31,3.91100001335144,DGS10
2002-11-30,4.2129998207092285,DGS10
2002-12-31,3.818000078201294,DGS10
2003-01-31,3.974999904632568,DGS10
2003-02-28,3.696000099182129,DGS10
2003-03-31,3.822999954223633,DGS10
2003-04-30,3.85700011253357,DGS10
2003-05-31,3.3499999046325684,DGS10
2003-06-30,3.5280001163482666,DGS10
2003-07-31,4.473999977111816,DGS10
2003-08-31,4.453999996185303,DGS10
2003-09-30,3.937000036239624,DGS10
2003-10-31,4.301000118255615,DGS10
2003-11-30,4.320000171661377,DGS10
2003-12-31,4.256999969482422,DGS10
2004-01-31,4.138000011444092,DGS10
2004-02-29,3.9839999675750737,DGS10
2004-03-31,3.836999893188477,DGS10
2004-04-30,4.500999927520752,DGS10
2004-05-31,4.65500020980835,DGS10
2004-06-30,4.617000102996826,DGS10
2004-07-31,4.474999904632568,DGS10
2004-08-31,4.131999969482422,DGS10
2004-09-30,4.11899995803833,DGS10
2004-10-31,4.0289998054504395,DGS10
2004-11-30,4.357999801635742,DGS10
2004-12-31,4.216000080108643,DGS10
2005-01-31,4.132999897003174,DGS10
2005-02-28,4.359000205993652,DGS10
2005-03-31,4.495999813079834,DGS10
2005-04-30,4.201000213623047,DGS10
2005-05-31,4.00600004196167,DGS10
2005-06-30,3.944999933242798,DGS10
2005-07-31,4.285999774932861,DGS10
2005-08-31,4.019999980926514,DGS10
2005-09-30,4.328000068664551,DGS10
2005-10-31,4.559000015258789,DGS10
2005-11-30,4.5,DGS10
2005-12-31,4.394999980926514,DGS10
2006-01-31,4.5269999504089355,DGS10
2006-02-28,4.546999931335449,DGS10
2006-03-31,4.853000164031982,DGS10
2006-04-30,5.068999767303467,DGS10
2006-05-31,5.11299991607666,DGS10
2006-06-30,5.138000011444092,DGS10
2006-07-31,4.98799991607666,DGS10
2006-08-31,4.73199987411499,DGS10
2006-09-30,4.632999897003174,DGS10
2006-10-31,4.605999946594238,DGS10
2006-11-30,4.458000183105469,DGS10
2006-12-31,4.710000038146973,DGS10
2007-01-31,4.826000213623047,DGS10
2007-02-28,4.550000190734863,DGS10
2007-03-31,4.6479997634887695,DGS10
2007-04-30,4.630000114440918,DGS10
2007-05-31,4.889999866485596,DGS10
2007-06-30,5.0329999923706055,DGS10
2007-07-31,4.770999908447266,DGS10
2007-08-31,4.5370001792907715,DGS10
2007-09-30,4.578999996185303,DGS10
2007-10-31,4.474999904632568,DGS10
2007-11-30,3.9719998836517334,DGS10
2007-12-31,4.034999847412109,DGS10
2008-01-31,3.638999938964844,DGS10
2008-02-29,3.5339999198913574,DGS10
2008-03-31,3.431999921798706,DGS10
2008-04-30,3.759000062942505,DGS10
2008-05-31,4.046000003814697,DGS10
2008-06-30,3.9790000915527344,DGS10
2008-07-31,3.9790000915527344,DGS10
2008-08-31,3.812999963760376,DGS10
2008-09-30,3.82699990272522,DGS10
2008-10-31,3.9700000286102295,DGS10
2008-11-30,2.9570000171661377,DGS10
2008-12-31,2.24399995803833,DGS10
2009-01-31,2.8440001010894775,DGS10
2009-02-28,3.0409998893737793,DGS10
2009-03-31,2.684999942779541,DGS10
2009-04-30,3.124000072479248,DGS10
2009-05-31,3.4649999141693115,DGS10
2009-06-30,3.5230000019073486,DGS10
2009-07-31,3.500999927520752,DGS10
2009-08-31,3.4010000228881836,DGS10
2009-09-30,3.306999921798706,DGS10
2009-10-31,3.3919999599456787,DGS10
2009-11-30,3.200999975204468,DGS10
2009-12-31,3.8429999351501465,DGS10
2010-01-31,3.6089999675750737,DGS10
2010-02-28,3.5950000286102295,DGS10
2010-03-31,3.8329999446868896,DGS10
2010-04-30,3.663000106811523,DGS10
2010-05-31,3.3010001182556152,DGS10
2010-06-30,2.950999975204468,DGS10
2010-07-31,2.9070000648498535,DGS10
2010-08-31,2.4769999980926514,DGS10
2010-09-30,2.5169999599456787,DGS10
2010-10-31,2.611999988555908,DGS10
2010-11-30,2.796999931335449,DGS10
2010-12-31,3.305000066757202,DGS10
2011-01-31,3.378000020980835,DGS10
2011-02-28,3.4140000343322754,DGS10
2011-03-31,3.4539999961853027,DGS10
2011-04-30,3.2960000038146973,DGS10
2011-05-31,3.049999952316284,DGS10
2011-06-30,3.1579999923706055,DGS10
2011-07-31,2.805000066757202,DGS10
2011-08-31,2.2179999351501465,DGS10
2011-09-30,1.924000024795532,DGS10
2011-10-31,2.174999952316284,DGS10
2011-11-30,2.068000078201294,DGS10
2011-12-31,1.871000051498413,DGS10
2012-01-31,1.7990000247955322,DGS10
2012-02-29,1.9769999980926511,DGS10
2012-03-31,2.2160000801086426,DGS10
2012-04-30,1.9149999618530271,DGS10
2012-05-31,1.5809999704360962,DGS10
2012-06-30,1.659000039100647,DGS10
2012-07-31,1.4919999837875366,DGS10
2012-08-31,1.562000036239624,DGS10
2012-09-30,1.6369999647140503,DGS10
2012-10-31,1.6859999895095823,DGS10
2012-11-30,1.6059999465942385,DGS10
2012-12-31,1.75600004196167,DGS10
2013-01-31,1.9850000143051147,DGS10
2013-02-28,1.888000011444092,DGS10
2013-03-31,1.8519999980926511,DGS10
2013-04-30,1.6749999523162842,DGS10
2013-05-31,2.1640000343322754,DGS10
2013-06-30,2.4779999256134033,DGS10
2013-07-31,2.5929999351501465,DGS10
2013-08-31,2.749000072479248,DGS10
2013-09-30,2.615000009536743,DGS10
2013-10-31,2.5420000553131104,DGS10
2013-11-30,2.740999937057495,DGS10
2013-12-31,3.0260000228881836,DGS10
2014-01-31,2.6679999828338623,DGS10
2014-02-28,2.6579999923706055,DGS10
2014-03-31,2.7230000495910645,DGS10
2014-04-30,2.6480000019073486,DGS10
2014-05-31,2.4570000171661377,DGS10
2014-06-30,2.5160000324249268,DGS10
2014-07-31,2.555999994277954,DGS10
2014-08-31,2.3429999351501465,DGS10
2014-09-30,2.507999897003174,DGS10
2014-10-31,2.3350000381469727,DGS10
2014-11-30,2.194000005722046,DGS10
2014-12-31,2.1700000762939453,DGS10
2015-01-31,1.6749999523162842,DGS10
2015-02-28,2.002000093460083,DGS10
2015-03-31,1.934000015258789,DGS10
2015-04-30,2.0460000038146973,DGS10
2015-05-31,2.0950000286102295,DGS10
2015-06-30,2.3350000381469727,DGS10
2015-07-31,2.2049999237060547,DGS10
2015-08-31,2.200000047683716,DGS10
2015-09-30,2.059999942779541,DGS10
2015-10-31,2.1510000228881836,DGS10
2015-11-30,2.2179999351501465,DGS10
2015-12-31,2.2690000534057617,DGS10
2016-01-31,1.930999994277954,DGS10
2016-02-29,1.7400000095367432,DGS10
2016-03-31,1.7860000133514404,DGS10
2016-04-30,1.819000005722046,DGS10
2016-05-31,1.8339999914169312,DGS10
2016-06-30,1.4880000352859497,DGS10
2016-07-31,1.4579999446868896,DGS10
2016-08-31,1.5679999589920044,DGS10
2016-09-30,1.6080000400543213,DGS10
2016-10-31,1.8339999914169312,DGS10
2016-11-30,2.368000030517578,DGS10
2016-12-31,2.446000099182129,DGS10
2017-01-31,2.450999975204468,DGS10
2017-02-28,2.3580000400543213,DGS10
2017-03-31,2.3959999084472656,DGS10
2017-04-30,2.2820000648498535,DGS10
2017-05-31,2.196000099182129,DGS10
2017-06-30,2.302000045776367,DGS10
2017-07-31,2.2920000553131104,DGS10
2017-08-31,2.121000051498413,DGS10
2017-09-30,2.325999975204468,DGS10
2017-10-31,2.375999927520752,DGS10
2017-11-30,2.4170000553131104,DGS10
2017-12-31,2.4049999713897705,DGS10
2018-01-31,2.7200000286102295,DGS10
2018-02-28,2.868000030517578,DGS10
2018-03-31,2.740999937057495,DGS10
2018-04-30,2.936000108718872,DGS10
2018-05-31,2.822000026702881,DGS10
2018-06-30,2.8489999771118164,DGS10
2018-07-31,2.9639999866485596,DGS10
2018-08-31,2.8529999256134033,DGS10
2018-09-30,3.055999994277954,DGS10
2018-10-31,3.1589999198913574,DGS10
2018-11-30,3.013000011444092,DGS10
2018-12-31,2.686000108718872,DGS10
2019-01-31,2.634999990463257,DGS10
2019-02-28,2.7109999656677246,DGS10
2019-03-31,2.4140000343322754,DGS10
2019-04-30,2.509000062942505,DGS10
2019-05-31,2.1419999599456787,DGS10
2019-06-30,2.0,DGS10
2019-07-31,2.0209999084472656,DGS10
2019-08-31,1.50600004196167,DGS10
2019-09-30,1.6749999523162842,DGS10
2019-10-31,1.690999984741211,DGS10
2019-11-30,1.7760000228881836,DGS10
2019-12-31,1.919000029563904,DGS10
2020-01-31,1.5199999809265137,DGS10
2020-02-29,1.1269999742507937,DGS10
2020-03-31,0.6980000138282776,DGS10
2020-04-30,0.621999979019165,DGS10
2020-05-31,0.6480000019073486,DGS10
2020-06-30,0.652999997138977,DGS10
2020-07-31,0.5360000133514404,DGS10
2020-08-31,0.6930000185966492,DGS10
2020-09-30,0.6769999861717224,DGS10
2020-10-31,0.8600000143051147,DGS10
2020-11-30,0.843999981880188,DGS10
2020-12-31,0.9169999957084656,DGS10
2021-01-31,1.093000054359436,DGS10
2021-02-28,1.4600000381469729,DGS10
2021-03-31,1.746000051498413,DGS10
2021-04-30,1.63100004196167,DGS10
2021-05-31,1.5809999704360962,DGS10
2021-06-30,1.4429999589920044,DGS10
2021-07-31,1.2389999628067017,DGS10
2021-08-31,1.3040000200271606,DGS10
2021-09-30,1.5290000438690186,DGS10
2021-10-31,1.5570000410079956,DGS10
2021-11-30,1.4429999589920044,DGS10
2021-12-31,1.5119999647140503,DGS10
2022-01-31,1.781999945640564,DGS10
2022-02-28,1.8389999866485596,DGS10
2022-03-31,2.3269999027252197,DGS10
2022-04-30,2.88700008392334,DGS10
2022-05-31,2.8440001010894775,DGS10
2022-06-30,2.9719998836517334,DGS10
2022-07-31,2.6419999599456787,DGS10
2022-08-31,3.132999897003174,DGS10
2022-09-30,3.803999900817871,DGS10
2022-10-31,4.077000141143799,DGS10
2022-11-30,3.703000068664551,DGS10
2022-12-31,3.878999948501587,DGS10
2023-01-31,3.5290000438690186,DGS10
2023-02-28,3.9159998893737793,DGS10
2023-03-31,3.49399995803833,DGS10
2023-04-30,3.4519999027252197,DGS10
2023-05-31,3.63700008392334,DGS10
2023-06-30,3.819000005722046,DGS10
2023-07-31,3.9590001106262207,DGS10
2023-08-31,4.0929999351501465,DGS10
2023-09-30,4.572999954223633,DGS10
2023-10-31,4.875,DGS10
2023-11-30,4.3520002365112305,DGS10
2023-12-31,3.865999937057495,DGS10
2024-01-31,3.9670000076293945,DGS10
2024-02-29,4.251999855041504,DGS10
2024-03-31,4.205999851226807,DGS10
2024-04-30,4.685999870300293,DGS10
2024-05-31,4.571000099182129,DGS10
