date,cape,market
1871-01-31,9.824325990390117,US
1871-02-28,9.533236230531037,US
1871-03-31,9.394036361520655,US
1871-04-30,9.749883919005217,US
1871-05-31,9.976607454142298,US
1871-06-30,10.133752029016929,US
1871-07-31,10.133752029016929,US
1871-08-31,10.29585617917095,US
1871-09-30,10.054565769028967,US
1871-10-31,9.899913564394813,US
1871-11-30,9.899913564394813,US
1871-12-31,9.676561506543022,US
1872-01-31,9.737040015958918,US
1872-02-29,9.797518525374812,US
1872-03-31,9.711984409853493,US
1872-04-30,9.559098521498386,US
1872-05-31,9.617385707605084,US
1872-06-30,9.74631272507768,US
1872-07-31,9.950315315616768,US
1872-08-31,9.936280647396783,US
1872-09-30,9.92245090685619,US
1872-10-31,10.204669367890874,US
1872-11-30,9.967108824245269,US
1872-12-31,10.172858758049088,US
1873-01-31,10.232003285712164,US
1873-02-28,10.069053482445682,US
1873-03-31,10.126921605908015,US
1873-04-30,10.184789729370346,US
1873-05-31,10.468581396364469,US
1873-06-30,10.846745859893304,US
1873-07-31,10.907682634387086,US
1873-08-31,10.968619408880867,US
1873-09-30,11.029556183374652,US
1873-10-31,11.348390979086865,US
1873-11-30,11.775885504926777,US
1873-12-31,11.562750634383313,US
1874-01-31,11.384900599054037,US
1874-02-28,11.384900599054037,US
1874-03-31,11.384900599054037,US
1874-04-30,11.562750634383313,US
1874-05-31,11.653814833369468,US
1874-06-30,11.935740024484623,US
1874-07-31,11.840234606046595,US
1874-08-31,11.935740024484623,US
1874-09-30,11.935740024484623,US
1874-10-31,12.131448852770813,US
1874-11-30,12.231643872849569,US
1874-12-31,12.231643872849569,US
1875-01-31,12.010942472535108,US
1875-02-28,11.78758201920481,US
1875-03-31,11.56688061889035,US
1875-04-30,11.253237446689793,US
1875-05-31,11.309795676640018,US
1875-06-30,11.274835941197416,US
1875-07-31,11.04658926238781,US
1875-08-31,10.72399390425466,US
1875-09-30,10.58734594478294,US
1875-10-31,10.359099265973333,US
1875-11-30,10.215431788151557,US
1875-12-31,10.072063032385019,US
1876-01-31,9.971335989104341,US
1876-02-29,9.785061385288637,US
1876-03-31,9.595964438990876,US
1876-04-30,9.490060179011953,US
1876-05-31,9.643497736824605,US
1876-06-30,9.713115540171014,US
1876-07-31,9.509747183548683,US
1876-08-31,9.222392307922856,US
1876-09-30,8.93738079119116,US
1876-10-31,8.578944993461414,US
1876-11-30,8.310332530478684,US
1876-12-31,7.972447795149557,US
1877-01-31,7.881389322841278,US
1877-02-28,8.138445074091118,US
1877-03-31,8.56987873413112,US
1877-04-30,8.385896793813119,US
1877-05-31,8.282081591459475,US
1877-06-30,8.802510958279981,US
1877-07-31,8.771346058758063,US
1877-08-31,9.161958749999997,US
1877-09-30,9.305425098857201,US
1877-10-31,9.359049582477736,US
1877-11-30,9.597668427985992,US
1877-12-31,9.652365163914842,US
1878-01-31,9.977490676031229,US
1878-02-28,10.111519225637853,US
1878-03-31,10.354085448043781,US
1878-04-30,10.493120343226868,US
1878-05-31,10.875039227861631,US
1878-06-30,11.151393779332889,US
1878-07-31,11.055098633689214,US
1878-08-31,10.96441331750546,US
1878-09-30,10.99301302619149,US
1878-10-31,11.145477137888767,US
1878-11-30,11.304953955966324,US
1878-12-31,11.597844430221294,US
1879-01-31,11.679005738301406,US
1879-02-28,11.761978291184885,US
1879-03-31,12.111698477814155,US
1879-04-30,12.469553382557281,US
1879-05-31,12.690286550745364,US
1879-06-30,13.059108436924134,US
1879-07-31,13.124270406843966,US
1879-08-31,13.34500357503205,US
1879-09-30,13.104883108935056,US
1879-10-31,12.606312960378595,US
1879-11-30,12.161355211533575,US
1879-12-31,11.986649279883853,US
1880-01-31,11.92601406508472,US
1880-02-29,12.204859717685622,US
1880-03-31,12.369045570686525,US
1880-04-30,13.14430724980948,US
1880-05-31,13.838335246047562,US
1880-06-30,14.428884455031861,US
1880-07-31,14.734047068793455,US
1880-08-31,15.035892697622858,US
1880-09-30,15.18448129731962,US
1880-10-31,15.486529357720356,US
1880-11-30,15.625813965006262,US
1880-12-31,15.765529767727577,US
1881-01-31,15.788312030366143,US
1881-02-28,15.498480998192601,US
1881-03-31,15.363347885897792,US
1881-04-30,15.0775369476677,US
1881-05-31,15.096299116362813,US
1881-06-30,14.961166004068007,US
1881-07-31,14.679334514019175,US
1881-08-31,14.266166249999994,US
1881-09-30,13.606561849804672,US
1881-10-31,13.35542602896999,US
1881-11-30,13.356982925266816,US
1881-12-31,13.230689975500676,US
1882-01-31,13.20663417554522,US
1882-02-28,13.057513335930288,US
1882-03-31,13.03368032048711,US
1882-04-30,12.890466671782384,US
1882-05-31,12.747031122231451,US
1882-06-30,12.608980295633858,US
1882-07-31,12.700231558680347,US
1882-08-31,12.55970382091529,US
1882-09-30,12.884723973967258,US
1882-10-31,12.98111105096282,US
1882-11-30,13.076281795955227,US
1882-12-31,13.176223144877774,US
1883-01-31,13.099617196361043,US
1883-02-28,12.900231576789627,US
1883-03-31,12.946405299327578,US
1883-04-30,12.993572744351152,US
1883-05-31,13.041656249999996,US
1883-06-30,13.352438476748866,US
1883-07-31,13.542915751663443,US
1883-08-31,13.460837474380636,US
1883-09-30,13.516713598679273,US
1883-10-31,13.433788975374494,US
1883-11-30,13.489845834667669,US
1883-12-31,13.267939728764931,US
1884-01-31,13.019165858850588,US
1884-02-29,12.770391988936247,US
1884-03-31,12.521618119021904,US
1884-04-30,12.531163196584407,US
1884-05-31,12.541233512758785,US
1884-06-30,12.281759715943085,US
1884-07-31,12.152878303709208,US
1884-08-31,11.890585966219081,US
1884-09-30,11.756103371927763,US
1884-10-31,11.618631653698323,US
1884-11-30,11.60841811455145,US
1884-12-31,11.464508482816452,US
1885-01-31,11.342466940902597,US
1885-02-28,11.089238469743165,US
1885-03-31,11.223720416343186,US
1885-04-30,10.972644086618198,US
1885-05-31,11.102134795796665,US
1885-06-30,11.241731185332911,US
1885-07-31,10.98150723417695,US
1885-08-31,10.851276593799547,US
1885-09-30,10.8540852823904,US
1885-10-31,10.726162134419368,US
1885-11-30,10.468245298571887,US
1885-12-31,10.10134837470887,US
1886-01-31,10.53336061876059,US
1886-02-28,10.724876266374421,US
1886-03-31,11.047908233861655,US
1886-04-30,11.378830449321477,US
1886-05-31,11.86439076229111,US
1886-06-30,12.218215348475333,US
1886-07-31,12.266573499995896,US
1886-08-31,12.313750520816024,US
1886-09-30,12.512359400184025,US
1886-10-31,12.710968279552024,US
1886-11-30,12.909577158920026,US
1886-12-31,12.948324304400302,US
1887-01-31,12.735790566319624,US
1887-02-28,12.680583554694453,US
1887-03-31,12.775214775251873,US
1887-04-30,12.869845995809294,US
1887-05-31,12.964477216366717,US
1887-06-30,13.214579685354193,US
1887-07-31,13.470695127252368,US
1887-08-31,13.406095332968023,US
1887-09-30,13.664518078723624,US
1887-10-31,13.597610980581852,US
1887-11-30,13.532264539711244,US
1887-12-31,13.313622754238459,US
1888-01-31,12.858836695709433,US
1888-02-29,12.69601858758351,US
1888-03-31,12.389065618527455,US
1888-04-30,12.222631533397731,US
1888-05-31,12.04844700137088,US
1888-06-30,11.873970152057392,US
1888-07-31,11.4200956968696,US
1888-08-31,11.102134795796665,US
1888-09-30,10.787959143546026,US
1888-10-31,10.3520114640072,US
1888-11-30,9.922347180450496,US
1888-12-31,9.615394211394444,US
1889-01-31,10.08521400334423,US
1889-02-28,10.338516231476854,US
1889-03-31,10.594083521782066,US
1889-04-30,10.723566764826067,US
1889-05-31,11.128396352291357,US
1889-06-30,11.26111665573394,US
1889-07-31,11.393836959176516,US
1889-08-31,11.530579089996143,US
1889-09-30,11.51931500334402,US
1889-10-31,11.650396863726902,US
1889-11-30,11.785450901697143,US
1889-12-31,11.771203913091181,US
1890-01-31,12.033307512127122,US
1890-02-28,11.99711106573369,US
1890-03-31,11.964936446717308,US
1890-04-30,11.932761827700926,US
1890-05-31,11.749701303410903,US
1890-06-30,11.717923882712022,US
1890-07-31,11.686146462013143,US
1890-08-31,11.234307889027203,US
1890-09-30,11.071852805218288,US
1890-10-31,11.041570814639917,US
1890-11-30,11.272742857568314,US
1890-12-31,11.241731185332911,US
1891-01-31,11.543627304104755,US
1891-02-28,11.563477284775198,US
1891-03-31,11.58669668063665,US
1891-04-30,11.60935813798444,US
1891-05-31,11.904612655675606,US
1891-06-30,12.359764108745741,US
1891-07-31,12.679190858853143,US
1891-08-31,12.842050139934905,US
1891-09-30,13.171484659831659,US
1891-10-31,13.340401409667667,US
1891-11-30,13.67625571339339,US
1891-12-31,13.847310728272046,US
1892-01-31,14.311442031104429,US
1892-02-29,14.415905111623436,US
1892-03-31,14.90757559213984,US
1892-04-30,15.217734838117188,US
1892-05-31,15.326432944103738,US
1892-06-30,15.435131050090291,US
1892-07-31,15.134766359065198,US
1892-08-31,15.042683594737499,US
1892-09-30,15.14714667525651,US
1892-10-31,15.251609755775519,US
1892-11-30,14.967313801882284,US
1892-12-31,14.880761295076988,US
1893-01-31,13.986264178165912,US
1893-02-28,13.471210653156726,US
1893-03-31,13.438791134112435,US
1893-04-30,13.239267898670905,US
1893-05-31,13.038764356389079,US
1893-06-30,12.993594014795947,US
1893-07-31,12.946046300985001,US
1893-08-31,13.07699888227977,US
1893-09-30,12.17131560344404,US
1893-10-31,11.628830123376238,US
1893-11-30,11.548544890371353,US
1893-12-31,11.304603022601341,US
1894-01-31,11.247715884022455,US
1894-02-28,11.025469246235085,US
1894-03-31,10.958018024787439,US
1894-04-30,10.570990154124736,US
1894-05-31,10.179299297068503,US
1894-06-30,9.792271426405799,US
1894-07-31,9.405243555743091,US
1894-08-31,8.759651480876457,US
1894-09-30,8.2670935182525,US
1894-10-31,8.121795584413741,US
1894-11-30,7.7357000388049375,US
1894-12-31,7.4607782296425125,US
1895-01-31,7.810502209157006,US
1895-02-28,8.160226188671498,US
1895-03-31,8.50995016818599,US
1895-04-30,8.49052847820527,US
1895-05-31,8.704776809067257,US
1895-06-30,8.91324469089721,US
1895-07-31,9.365899098363503,US
1895-08-31,9.831138237921891,US
1895-09-30,10.166290677851046,US
1895-10-31,10.501443117780202,US
1895-11-30,10.836595557709357,US
1895-12-31,11.329088826793141,US
1896-01-31,11.339258464487095,US
1896-02-29,11.345045895450145,US
1896-03-31,11.191167344463768,US
1896-04-30,11.199607756549057,US
1896-05-31,11.20349794537137,US
1896-06-30,11.212366510427039,US
1896-07-31,11.051493425712215,US
1896-08-31,10.885745399036336,US
1896-09-30,10.724872314321512,US
1896-10-31,10.253295314086103,US
1896-11-30,9.804069033137807,US
1896-12-31,9.652388640220066,US
1897-01-31,10.32900030948314,US
1897-02-28,10.726451535317581,US
1897-03-31,11.119171198939705,US
1897-04-30,11.683716459960797,US
1897-05-31,12.270228915976022,US
1897-06-30,12.674849098743607,US
1897-07-31,13.07946928151119,US
1897-08-31,12.90248335088802,US
1897-09-30,12.915161262544181,US
1897-10-31,13.481169467507359,US
1897-11-30,13.86726501311616,US
1897-12-31,14.248764183182,US
1898-01-31,14.400444576099746,US
1898-02-28,14.35168972578155,US
1898-03-31,14.50123369829522,US
1898-04-30,14.65077767080889,US
1898-05-31,13.83084802659189,US
1898-06-30,14.954397251366947,US
1898-07-31,15.319719684692132,US
1898-08-31,15.475996453152838,US
1898-09-30,15.627676846070582,US
1898-10-31,15.779357238988327,US
1898-11-30,15.935634007449034,US
1898-12-31,15.860724357510398,US
1899-01-31,16.35014099482786,US
1899-02-28,16.382610328761007,US
1899-03-31,16.858618377054306,US
1899-04-30,17.10038603380426,US
1899-05-31,17.574309775905622,US
1899-06-30,17.803291714354057,US
1899-07-31,18.02624759633556,US
1899-08-31,18.24761090506074,US
1899-09-30,17.997677512289062,US
1899-10-31,18.204489882870917,US
1899-11-30,18.410162920074608,US
1899-12-31,18.60700334124068,US
1900-01-31,18.60700334124068,US
1900-02-28,18.385502170927573,US
1900-03-31,18.385502170927573,US
1900-04-30,18.385502170927573,US
1900-05-31,18.83392626094589,US
1900-06-30,19.066452419328034,US
1900-07-31,18.83392626094589,US
1900-08-31,19.066452419328034,US
1900-09-30,18.83392626094589,US
1900-10-31,19.066452419328034,US
1900-11-30,19.066452419328034,US
1900-12-31,19.304771409829602,US
1901-01-31,19.13397943831316,US
1901-02-28,19.437491713272188,US
1901-03-31,19.505862778681998,US
1901-04-30,19.822018033676486,US
1901-05-31,19.88718184886835,US
1901-06-30,19.956418402509712,US
1901-07-31,19.775325212944203,US
1901-08-31,19.59475203844692,US
1901-09-30,19.42248645660045,US
1901-10-31,19.4891899454413,US
1901-11-30,19.316395343625484,US
1901-12-31,19.15156476138289,US
1902-01-31,19.800952722303627,US
1902-02-28,20.22348675651097,US
1902-03-31,20.64214433168888,US
1902-04-30,20.81009026971865,US
1902-05-31,20.977848973169152,US
1902-06-30,21.138006784113003,US
1902-07-31,21.542060719101357,US
1902-08-31,22.208054840415627,US
1902-09-30,22.35390982921685,US
1902-10-31,21.27365718603255,US
1902-11-30,22.384947920145063,US
1902-12-31,22.522270590245977,US
1903-01-31,21.98126155286463,US
1903-02-28,21.684265257152767,US
1903-03-31,22.119977824578353,US
1903-04-30,21.816513665993227,US
1903-05-31,22.009715736448992,US
1903-06-30,21.699192804930163,US
1903-07-31,21.388669873411335,US
1903-08-31,21.074405701753726,US
1903-09-30,20.525168412784293,US
1903-10-31,20.453359838716064,US
1903-11-30,20.37599441042395,US
1903-12-31,20.061818758173313,US
1904-01-31,19.478569735159432,US
1904-02-29,18.918028499050248,US
1904-03-31,19.012212345092138,US
1904-04-30,19.108746880875035,US
1904-05-31,19.429682204849737,US
1904-06-30,19.304768993713942,US
1904-07-31,19.179855782578148,US
1904-08-31,18.829661618485087,US
1904-09-30,18.491142714220082,US
1904-10-31,18.36910117230623,US
1904-11-30,17.833486448655623,US
1904-12-31,17.714186823112215,US
1905-01-31,18.256457848309527,US
1905-02-28,18.798728873506843,US
1905-03-31,19.56064154735441,US
1905-04-30,20.109070749616684,US
1905-05-31,20.89499126706869,US
1905-06-30,21.449725548495294,US
1905-07-31,22.0044598299219,US
1905-08-31,22.302787558665777,US
1905-09-30,23.113928392775104,US
1905-10-31,23.668662674201705,US
1905-11-30,23.948075165452597,US
1905-12-31,24.221439125479968,US
1906-01-31,24.492574638078622,US
1906-02-28,24.76371015067728,US
1906-03-31,25.034845663275934,US
1906-04-30,25.30598117587459,US
1906-05-31,25.29286736920481,US
1906-06-30,25.56098963813631,US
1906-07-31,26.719701222048023,US
1906-08-31,26.390523226269213,US
1906-09-30,26.36535644493081,US
1906-10-31,26.05437219068593,US
1906-11-30,26.03387094717513,US
1906-12-31,26.01357005128355,US
1907-01-31,26.00619374218146,US
1907-02-28,25.174090821678888,US
1907-03-31,25.157860510122905,US
1907-04-30,24.873764942457576,US
1907-05-31,24.073928603830524,US
1907-06-30,23.550593018557752,US
1907-07-31,23.27528326918588,US
1907-08-31,22.996656534881815,US
1907-09-30,22.721346785509947,US
1907-10-31,22.216948094910673,US
1907-11-30,22.87482745430631,US
1907-12-31,23.08172569913116,US
1908-01-31,23.098533331971144,US
1908-02-29,23.119289509066785,US
1908-03-31,22.87976694882131,US
1908-04-30,22.391399294561957,US
1908-05-31,22.158045062216928,US
1908-06-30,21.921155159684847,US
1908-07-31,21.4485187443593,US
1908-08-31,21.217701487367993,US
1908-09-30,20.983386999210143,US
1908-10-31,20.526107153433898,US
1908-11-30,20.081791511957974,US
1908-12-31,19.64344501086204,US
1909-01-31,20.365887079623306,US
1909-02-28,20.659485270044563,US
1909-03-31,21.167505399635825,US
1909-04-30,21.22870356602389,US
1909-05-31,21.504508648095893,US
1909-06-30,21.7747407582242,US
1909-07-31,22.26223495430385,US
1909-08-31,22.522185382467967,US
1909-09-30,22.777179204695553,US
1909-10-31,22.803374999999992,US
1909-11-30,23.048123082241922,US
1909-12-31,23.288208349086297,US
1910-01-31,23.434836556776183,US
1910-02-28,23.357493861869333,US
1910-03-31,22.8409982624334,US
1910-04-30,22.55231245823979,US
1910-05-31,22.905178606502645,US
1910-06-30,23.048123082241922,US
1910-07-31,22.970780387335072,US
1910-08-31,23.115749999999995,US
1910-09-30,23.26356274714301,US
1910-10-31,23.887215607902668,US
1910-11-30,24.29691462830078,US
1910-12-31,24.213990004995996,US
1911-01-31,23.825902767929623,US
1911-02-28,24.189197309529057,US
1911-03-31,23.538266004395034,US
1911-04-30,23.89658056093382,US
1911-05-31,23.490901745615755,US
1911-06-30,23.08172569913116,US
1911-07-31,22.428914996749022,US
1911-08-31,21.339092777473056,US
1911-09-30,20.731155826195206,US
1911-10-31,20.343068589128826,US
1911-11-30,20.166062704893257,US
1911-12-31,19.982125097256215,US
1912-01-31,20.082274842566125,US
1912-02-29,20.17721934251927,US
1912-03-31,20.06851107194544,US
1912-04-30,19.768508167640032,US
1912-05-31,20.055556874079354,US
1912-06-30,20.547245576263823,US
1912-07-31,20.840322567429137,US
1912-08-31,20.92301175617621,US
1912-09-30,21.007218749999993,US
1912-10-31,21.294603749999993,US
1912-11-30,21.578864999999993,US
1912-12-31,22.080669726101835,US
1913-01-31,21.685072499999997,US
1913-02-28,21.500771249999996,US
1913-03-31,21.319593749999996,US
1913-04-30,21.138416249999995,US
1913-05-31,21.170136804123707,US
1913-06-30,20.772937499999998,US
1913-07-31,20.38376242424242,US
1913-08-31,20.201322803030298,US
1913-09-30,19.821755624999994,US
1913-10-31,19.644201674999998,US
1913-11-30,19.270877673267325,US
1913-12-31,19.286032499999997,US
1914-01-31,19.004395199999998,US
1914-02-28,18.91496886363636,US
1914-03-31,18.63048674242424,US
1914-04-30,18.533208749999996,US
1914-05-31,18.064614696969695,US
1914-06-30,17.78013257575757,US
1914-07-31,17.320693949999995,US
1914-08-31,16.70795875,US
1914-09-30,16.43184375,US
1914-10-31,16.315686460396037,US
1914-11-30,15.882614999999998,US
1914-12-31,15.761019801980197,US
1915-01-31,16.670309405940593,US
1915-02-28,17.755394999999996,US
1915-03-31,18.86240151515151,US
1915-04-30,19.592159999999996,US
1915-05-31,20.307467821782176,US
1915-06-30,21.21675742574257,US
1915-07-31,22.126047029702963,US
1915-08-31,23.035336633663363,US
1915-09-30,23.94462623762376,US
1915-10-31,24.610249999999997,US
1915-11-30,25.262949029126204,US
1915-12-31,26.154582524271838,US
1916-01-31,27.49849139423076,US
1916-02-29,29.090943100961532,US
1916-03-31,30.379509999999993,US
1916-04-30,31.681308254716978,US
1916-05-31,32.93016378504673,US
1916-06-30,34.15589236111111,US
1916-07-31,35.686529861111104,US
1916-08-31,36.875725458715586,US
1916-09-30,37.72814594594594,US
1916-10-31,38.523301327433614,US
1916-11-30,39.29079913043478,US
1916-12-31,40.37716163793103,US
1917-01-31,39.48259807692307,US
1917-02-28,37.95980999999999,US
1917-03-31,37.44959749999999,US
1917-04-30,35.15607083333333,US
1917-05-31,34.10451679687499,US
1917-06-30,33.08531826923076,US
1917-07-31,33.10003593749999,US
1917-08-31,32.09629096153846,US
1917-09-30,30.911972368421043,US
1917-10-31,29.977818888888887,US
1917-11-30,29.501620555555547,US
1917-12-31,28.60169343065693,US
1918-01-31,27.464009999999995,US
1918-02-28,26.748161702127653,US
1918-03-31,26.414429999999992,US
1918-04-30,25.503438908450704,US
1918-05-31,24.469087758620685,US
1918-06-30,23.636374999999994,US
1918-07-31,22.523685596026485,US
1918-08-31,21.607830681818175,US
1918-09-30,20.726976592356685,US
1918-10-31,19.8600215625,US
1918-11-30,19.043759815950914,US
1918-12-31,18.367649999999994,US
1919-01-31,18.27488409090909,US
1919-02-28,18.51882407407407,US
1919-03-31,18.199653201219512,US
1919-04-30,17.78105838323353,US
1919-05-31,17.48006139053254,US
1919-06-30,17.38949112426035,US
1919-07-31,16.80182543103448,US
1919-08-31,16.4305720338983,US
1919-09-30,16.25227457865168,US
1919-10-31,15.89833425414364,US
1919-11-30,15.471849324324323,US
1919-12-31,15.063416666666665,US
1920-01-31,14.57991699481865,US
1920-02-29,14.259261961538458,US
1920-03-31,13.946671637055834,US
1920-04-30,13.371588879310341,US
1920-05-31,13.014876917475725,US
1920-06-30,12.669870215311004,US
1920-07-31,12.571832235576919,US
1920-08-31,12.71710939655172,US
1920-09-30,12.742557187499997,US
1920-10-31,12.64045059045226,US
1920-11-30,12.535766515151511,US
1920-12-31,12.62381443298969,US
1921-01-31,12.204820065789471,US
1921-02-28,11.895715353260869,US
1921-03-31,11.249767418032784,US
1921-04-30,10.655266574585632,US
1921-05-31,10.161011652542372,US
1921-06-30,9.479516335227272,US
1921-07-31,8.690907838983048,US
1921-08-31,7.95585593220339,US
1921-09-30,7.303327499999998,US
1921-10-31,6.559874999999999,US
1921-11-30,5.849850215517241,US
1921-12-31,5.13161705202312,US
1922-01-31,5.856273417159763,US
1922-02-28,6.461282795857988,US
1922-03-31,7.149085329341316,US
1922-04-30,7.759507230538921,US
1922-05-31,8.37176223053892,US
1922-06-30,8.982184131736526,US
1922-07-31,9.535507187499997,US
1922-08-31,10.266336099397588,US
1922-09-30,10.880435240963852,US
1922-10-31,11.425704835329338,US
1922-11-30,11.966305312499996,US
1922-12-31,12.498696745562127,US
1923-01-31,13.014063124999996,US
1923-02-28,13.453210312499996,US
1923-03-31,13.894179687499996,US
1923-04-30,14.25032569526627,US
1923-05-31,14.686874378698223,US
1923-06-30,15.036262499999996,US
1923-07-31,15.292136511627904,US
1923-08-31,15.813007061403503,US
1923-09-30,16.15178524709302,US
1923-10-31,16.486646921965313,US
1923-11-30,16.913101994219648,US
1923-12-31,17.341326589595372,US
1924-01-31,17.267006618497106,US
1924-02-29,17.294423938953486,US
1924-03-31,17.320371710526313,US
1924-04-30,17.346624749999997,US
1924-05-31,17.272793999999998,US
1924-06-30,17.197162499999997,US
1924-07-31,17.021405087719295,US
1924-08-31,17.04770025,US
1924-09-30,16.872816885964905,US
1924-10-31,16.6999670494186,US
1924-11-30,16.626994796511624,US
1924-12-31,16.456565028901732,US
1925-01-31,16.929027702312133,US
1925-02-28,17.500882020348833,US
1925-03-31,17.872183526011558,US
1925-04-30,18.456640552325577,US
1925-05-31,18.810030780346814,US
1925-06-30,19.06737,US
1925-07-31,19.318893644067792,US
1925-08-31,19.768572457627116,US
1925-09-30,20.235546610169486,US
1925-10-31,20.702520762711863,US
1925-11-30,20.799662916666662,US
1925-12-31,21.3776187150838,US
1926-01-31,21.36051662011173,US
1926-02-28,21.343414525139664,US
1926-03-31,21.463321348314604,US
1926-04-30,21.326312430167597,US
1926-05-31,21.428924999999996,US
1926-06-30,21.5326970338983,US
1926-07-31,21.761291999999997,US
1926-08-31,21.868763362068965,US
1926-09-30,21.726305999999997,US
1926-10-31,21.60286107954545,US
1926-11-30,21.4635156779661,US
1926-12-31,21.446220338983046,US
1927-01-31,21.498897,US
1927-02-28,21.428925,US
1927-03-31,21.375839306358376,US
1927-04-30,21.181191763005778,US
1927-05-31,20.86593189655172,US
1927-06-30,20.437489346590905,US
1927-07-31,20.597249132947972,US
1927-08-31,20.521221366279068,US
1927-09-30,20.225649277456643,US
1927-10-31,19.915881034482755,US
1927-11-30,19.83635419075144,US
1927-12-31,19.64170664739884,US
1928-01-31,20.048696965317912,US
1928-02-29,20.67703289473684,US
1928-03-31,21.070881140350874,US
1928-04-30,21.48263157894736,US
1928-05-31,21.749290988372092,US
1928-06-30,22.28823026315789,US
1928-07-31,22.69998070175438,US
1928-08-31,23.093828947368415,US
1928-09-30,23.21614335260115,US
1928-10-31,23.76047747093023,US
1928-11-30,24.152035901162787,US
1928-12-31,24.705026315789464,US
1929-01-31,25.04516798245613,US
1929-02-28,25.3853096491228,US
1929-03-31,25.89478499999999,US
1929-04-30,26.392175591715976,US
1929-05-31,26.579069999999994,US
1929-06-30,26.763778508771924,US
1929-07-31,26.79058005780346,US
1929-08-31,27.126789450867044,US
1929-09-30,27.46299884393063,US
1929-10-31,27.816903468208086,US
1929-11-30,28.15311286127167,US
1929-12-31,28.654957848837206,US
1930-01-31,27.8737144736842,US
1930-02-28,27.065272499999992,US
1930-03-31,26.26537721893491,US
1930-04-30,25.156477499999994,US
1930-05-31,24.327173520710055,US
1930-06-30,23.506218749999995,US
1930-07-31,22.81203117469879,US
1930-08-31,21.94841409090909,US
1930-09-30,20.838799698795174,US
1930-10-31,19.981776818181814,US
1930-11-30,19.095636128048778,US
1930-12-31,18.443706521739124,US
1931-01-31,18.0981037735849,US
1931-02-28,17.74369585987261,US
1931-03-31,17.268730769230768,US
1931-04-30,16.78763709677419,US
1931-05-31,16.406833333333328,US
1931-06-30,16.01594205298013,US
1931-07-31,15.407741721854302,US
1931-08-31,14.799541390728473,US
1931-09-30,14.285949999999996,US
1931-10-31,13.765464765100669,US
1931-11-30,13.327999999999998,US
1931-12-31,12.790258561643833,US
1932-01-31,12.70108012237762,US
1932-02-29,12.520831861702124,US
1932-03-31,12.245099999999999,US
1932-04-30,11.965400773381294,US
1932-05-31,11.76914994525547,US
1932-06-30,11.479781249999998,US
1932-07-31,11.1038746875,US
1932-08-31,10.809702166666666,US
1932-09-30,10.508854477611939,US
1932-10-31,10.203482763157892,US
1932-11-30,9.895803352272726,US
1932-12-31,9.581089694656487,US
1933-01-31,9.788960755813951,US
1933-02-28,10.003378937007872,US
1933-03-31,10.143510416666665,US
1933-04-30,10.204249999999998,US
1933-05-31,10.26498958333333,US
1933-06-30,10.244424212598423,US
1933-07-31,9.990038645038165,US
1933-08-31,9.972335227272726,US
1933-09-30,10.030313920454544,US
1933-10-31,10.08829261363636,US
1933-11-30,10.14627130681818,US
1933-12-31,10.204249999999998,US
1934-01-31,10.301654204545452,US
1934-02-28,10.31856828947368,US
1934-03-31,10.415240131578944,US
1934-04-30,10.511911973684207,US
1934-05-31,10.606282105263155,US
1934-06-30,10.623081156716415,US
1934-07-31,10.719031567164176,US
1934-08-31,10.812697444029848,US
1934-09-30,10.7482265625,US
1934-10-31,10.92308272222222,US
1934-11-30,11.016054777777775,US
1934-12-31,11.194214552238805,US
1935-01-31,12.830343749999997,US
1935-02-28,14.524297445255474,US
1935-03-31,16.31190328467153,US
1935-04-30,16.785259205978257,US
1935-05-31,17.37679514184782,US
1935-06-30,18.09950912408759,US
1935-07-31,17.727083792518247,US
1935-08-31,17.354680806021896,US
1935-09-30,16.98225547445255,US
1935-10-31,16.98225547445255,US
1935-11-30,16.85919565217391,US
1935-12-31,16.85919565217391,US
1936-01-31,17.08102717391304,US
1936-02-29,17.30285869565217,US
1936-03-31,17.652607664233575,US
1936-04-30,18.322959854014595,US
1936-05-31,18.993312043795616,US
1936-06-30,19.521173913043473,US
1936-07-31,19.821205035971218,US
1936-08-31,20.11695,US
1936-09-30,20.554274999999993,US
1936-10-31,21.137382288749997,US
1936-11-30,21.720467711249995,US
1936-12-31,22.303574999999995,US
1937-01-31,22.79672872340425,US
1937-02-28,23.44806382978723,US
1937-03-31,23.92968485915493,US
1937-04-30,24.190494755244746,US
1937-05-31,24.44768229166666,US
1937-06-30,24.87285937499999,US
1937-07-31,25.053263477586203,US
1937-08-31,25.40499341896551,US
1937-09-30,25.580517123287667,US
1937-10-31,24.951488013698626,US
1937-11-30,24.490199999999994,US
1937-12-31,24.022505208333325,US
1938-01-31,23.21114756514084,US
1938-02-28,22.217691813829784,US
1938-03-31,21.059835106382973,US
1938-04-30,19.4743009125,US
1938-05-31,18.165019648404254,US
1938-06-30,16.717601063829786,US
1938-07-31,15.632042553191486,US
1938-08-31,14.546484042553189,US
1938-09-30,13.460925531914892,US
1938-10-31,13.702857288749996,US
1938-11-30,13.848617711249998,US
1938-12-31,13.994399999999997,US
1939-01-31,14.504605211249997,US
1939-02-28,15.122852664928056,US
1939-03-31,15.636728417266182,US
1939-04-30,16.119764640760867,US
1939-05-31,16.489469054891302,US
1939-06-30,16.85919565217391,US
1939-07-31,17.228922249456517,US
1939-08-31,17.598626663586952,US
1939-09-30,17.586047872340426,US
1939-10-31,18.367649999999998,US
1939-11-30,19.023637499999996,US
1939-12-31,19.679624999999994,US
1940-01-31,20.48191187050359,US
1940-02-29,20.991599999999995,US
1940-03-31,21.647587499999993,US
1940-04-30,22.012097887499998,US
1940-05-31,22.376389612499995,US
1940-06-30,22.579617021276594,US
1940-07-31,23.032377112499997,US
1940-08-31,23.324072887499995,US
1940-09-30,23.615549999999995,US
1940-10-31,23.396887499999995,US
1940-11-30,23.178224999999998,US
1940-12-31,22.79672872340425,US
1941-01-31,22.869026920212765,US
1941-02-28,22.941542228723403,US
1941-03-31,22.85177112676056,US
1941-04-30,22.9060437062937,US
1941-05-31,22.959562499999997,US
1941-06-30,22.69925,US
1941-07-31,23.393347249999994,US
1941-08-31,23.76432855201342,US
1941-09-30,24.1252798013245,US
1941-10-31,23.609833333333327,US
1941-11-30,23.257738636363626,US
1941-12-31,22.910187096774187,US
1942-01-31,21.8383949044586,US
1942-02-28,20.925170886075946,US
1942-03-31,19.8982875,US
1942-04-30,19.394413043478256,US
1942-05-31,18.78082822085889,US
1942-06-30,18.405211656441715,US
1942-07-31,18.044106831859757,US
1942-08-31,17.687360482272723,US
1942-09-30,17.439990909090906,US
1942-10-31,17.78105838323353,US
1942-11-30,18.221874999999997,US
1942-12-31,18.657474852071005,US
1943-01-31,18.898935181952663,US
1943-02-28,19.140576652366864,US
1943-03-31,19.043978197674416,US
1943-04-30,19.00101724137931,US
1943-05-31,19.06737,US
1943-06-30,19.242299999999997,US
1943-07-31,19.23553905603448,US
1943-08-31,19.228876903179188,US
1943-09-30,19.00101724137931,US
1943-10-31,18.179926987068963,US
1943-11-30,17.358959887499996,US
1943-12-31,16.5379224137931,US
1944-01-31,16.47928316336207,US
1944-02-29,16.42062631939655,US
1944-03-31,16.361987068965515,US
1944-04-30,16.210185830999997,US
1944-05-31,16.151864168999996,US
1944-06-30,16.002119318181816,US
1944-07-31,15.796403839406775,US
1944-08-31,15.68111310974576,US
1944-09-30,15.56580508474576,US
1944-10-31,15.738758474576269,US
1944-11-30,15.91171186440678,US
1944-12-31,15.99430196629213,US
1945-01-31,16.166283707865162,US
1945-02-28,16.338265449438197,US
1945-03-31,16.51024719101123,US
1945-04-30,16.739550447050558,US
1945-05-31,16.874072739804465,US
1945-06-30,16.91312154696132,US
1945-07-31,16.856750112845297,US
1945-08-31,16.80036176560773,US
1945-09-30,16.743990331491705,US
1945-10-31,16.574859116022097,US
1945-11-30,16.40572790055248,US
1945-12-31,16.14738461538461,US
1946-01-31,15.810980769230765,US
1946-02-28,15.560071823204417,US
1946-03-31,15.055450819672126,US
1946-04-30,14.640880434782607,US
1946-05-31,14.23079189189189,US
1946-06-30,13.751181818181816,US
1946-07-31,13.244915507196966,US
1946-08-31,13.23521029492574,US
1946-09-30,13.3555625,US
1946-10-31,13.932730867427884,US
1946-11-30,14.420042468309857,US
1946-12-31,15.092797674418604,US
1947-01-31,16.089491860465113,US
1947-02-28,17.086186046511624,US
1947-03-31,17.75259931506849,US
1947-04-30,18.544756640410956,US
1947-05-31,19.336774181506847,US
1947-06-30,20.03743636363636,US
1947-07-31,20.362580874999995,US
1947-08-31,20.589863536666662,US
1947-09-30,20.630331521739127,US
1947-10-31,20.896529347826082,US
1947-11-30,21.071113636363634,US
1947-12-31,21.06261858974359,US
1948-01-31,21.226519180379743,US
1948-02-29,21.841480656382977,US
1948-03-31,22.370855769230765,US
1948-04-30,22.637999999999995,US
1948-05-31,23.18371443514644,US
1948-06-30,23.626437759336095,US
1948-07-31,24.21418340163934,US
1948-08-31,24.989999999999995,US
1948-09-30,25.864649999999994,US
1948-10-31,26.890666171106556,US
1948-11-30,28.040646505165284,US
1948-12-31,29.08846369294605,US
1949-01-31,29.59232499999999,US
1949-02-28,30.226874999999996,US
1949-03-31,30.612749999999995,US
1949-04-30,30.57009708891213,US
1949-05-31,30.784207125,US
1949-06-30,30.740836820083675,US
1949-07-31,30.957240313291134,US
1949-08-31,30.784207125,US
1949-09-30,30.61275,US
1949-10-31,30.569737148734173,US
1949-11-30,30.141082124999993,US
1949-12-31,30.093889830508466,US
1950-01-31,30.43910406063829,US
1950-02-28,30.6561289180851,US
1950-03-31,30.742465042372878,US
1950-04-30,31.477560187499993,US
1950-05-31,32.07660778797468,US
1950-06-30,32.67074999999999,US
1950-07-31,33.026203319502066,US
1950-08-31,33.51025308641975,US
1950-09-30,34.12568852459016,US
1950-10-31,34.346012195121936,US
1950-11-30,34.70271255060728,US
1950-12-31,34.77608399999999,US
1951-01-31,34.188295095472434,US
1951-02-28,33.74942527529182,US
1951-03-31,33.57910174418604,US
1951-04-30,33.143997270348834,US
1951-05-31,32.58272183108108,US
1951-06-30,32.149297297297295,US
1951-07-31,31.32192567567567,US
1951-08-31,30.49455405405405,US
1951-09-30,29.439847701149418,US
1951-10-31,29.054888184160305,US
1951-11-30,28.564130855113632,US
1951-12-31,28.186833962264146,US
1952-01-31,28.032846053773582,US
1952-02-29,28.090748272813684,US
1952-03-31,27.93558935361216,US
1952-04-30,27.59785795454545,US
1952-05-31,27.365943181818174,US
1952-06-30,27.031635849056595,US
1952-07-31,26.905626233146062,US
1952-08-31,26.98198612640449,US
1952-09-30,27.058460674157296,US
1952-10-31,27.211295115168536,US
1952-11-30,27.364244210674155,US
1952-12-31,27.517078651685384,US
1953-01-31,27.73561184210526,US
1953-02-28,27.955794339622635,US
1953-03-31,27.965782894736837,US
1953-04-30,28.272715993421045,US
1953-05-31,28.47249455337078,US
1953-06-30,28.670896455223872,US
1953-07-31,28.823160618470144,US
1953-08-31,28.867823249999994,US
1953-09-30,29.019521375464677,US
1953-10-31,28.760905386111105,US
1953-11-30,28.716011322490704,US
1953-12-31,28.564313197026017,US
1954-01-31,28.716011322490704,US
1954-02-28,28.867823249999994,US
1954-03-31,29.019521375464677,US
1954-04-30,29.39429401399253,US
1954-05-31,29.550635517657987,US
1954-06-30,29.816135687732338,US
1954-07-31,29.854031768587358,US
1954-08-31,29.892041651486984,US
1954-09-30,30.041616604477603,US
1954-10-31,30.574712515858206,US
1954-11-30,31.107694200559692,US
1954-12-31,31.75929494382022,US
1955-01-31,32.48540185674157,US
1955-02-28,33.211623424157295,US
1955-03-31,33.93773033707865,US
1955-04-30,34.931440839887635,US
1955-05-31,35.92503668820224,US
1955-06-30,36.918747191011235,US
1955-07-31,37.61861490951492,US
1955-08-31,38.45635337406715,US
1955-09-30,39.147903345724906,US
1955-10-31,39.83071561338289,US
1955-11-30,40.513527881040886,US
1955-12-31,41.350057835820884,US
1956-01-31,41.61654867817163,US
1956-02-29,41.88315374720148,US
1956-03-31,42.149644589552224,US
1956-04-30,41.65154832713755,US
1956-05-31,41.15714166666666,US
1956-06-30,40.51687499999999,US
1956-07-31,39.699709108576634,US
1956-08-31,39.32190917307692,US
1956-09-30,38.65697627737226,US
1956-10-31,38.33083652999999,US
1956-11-30,38.14537892454545,US
1956-12-31,37.822274456521725,US
1957-01-31,37.78533950815216,US
1957-02-28,37.61201821570396,US
1957-03-31,37.440053956834525,US
1957-04-30,37.37904553494623,US
1957-05-31,37.31836355625,US
1957-06-30,37.25822241992881,US
1957-07-31,37.17523658745583,US
1957-08-31,37.35545157508833,US
1957-09-30,37.535774734982326,US
1957-10-31,37.17523658745583,US
1957-11-30,36.68496142869717,US
1957-12-31,36.32569278169014,US
1958-01-31,35.251009775349644,US
1958-02-28,34.43045963024475,US
1958-03-31,33.37640104166666,US
1958-04-30,32.51942647058823,US
1958-05-31,31.777941176470584,US
1958-06-30,31.03645588235294,US
1958-07-31,30.7534630887931,US
1958-08-31,30.683402955882347,US
1958-09-30,30.506823529411758,US
1958-10-31,30.542097044117643,US
1958-11-30,30.472036911206892,US
1958-12-31,30.61275,US
1959-01-31,31.281269123275855,US
1959-02-28,32.16637354411764,US
1959-03-31,32.94313235294117,US
1959-04-30,33.849995531896546,US
1959-05-31,34.870350157758615,US
1959-06-30,35.76747422680411,US
1959-07-31,35.74982106164383,US
1959-08-31,35.85465924657534,US
1959-09-30,35.83676877133105,US
1959-10-31,35.57607637499999,US
1959-11-30,35.43717362499999,US
1959-12-31,35.298375,US
1960-01-31,35.41884726962457,US
1960-02-29,35.298375,US
1960-03-31,35.298375,US
1960-04-30,34.72907526864407,US
1960-05-31,34.2793272737288,US
1960-06-30,33.715393581081074,US
1960-07-31,33.749832924831075,US
1960-08-31,33.78437569003378,US
1960-09-30,33.81881503378377,US
1960-10-31,33.59184312080536,US
1960-11-30,33.59184312080536,US
1960-12-31,33.59184312080536,US
1961-01-31,32.975479026845626,US
1961-02-28,32.3591149328859,US
1961-03-31,31.742750838926167,US
1961-04-30,31.53729614093959,US
1961-05-31,31.33184144295301,US
1961-06-30,31.126386744966435,US
1961-07-31,30.986939847499993,US
1961-08-31,31.15876269481605,US
1961-09-30,31.12296249999999,US
1961-10-31,31.599194847499994,US
1961-11-30,32.07532515249999,US
1961-12-31,32.551557499999994,US
1962-01-31,33.16381249999999,US
1962-02-28,33.66385465116279,US
1962-03-31,34.274075581395344,US
1962-04-30,34.49844054884105,US
1962-05-31,34.83639719950331,US
1962-06-30,35.17425248344371,US
1962-07-31,35.2602301980198,US
1962-08-31,35.46229455445544,US
1962-09-30,35.54704194078947,US
1962-10-31,36.01700807319078,US
1962-11-30,36.48687350575657,US
1962-12-31,36.95683963815789,US
1963-01-31,37.09107251891447,US
1963-02-28,37.22540609950657,US
1963-03-31,37.23714836065573,US
1963-04-30,37.67205015,US
1963-05-31,38.10705230901639,US
1963-06-30,38.41599999999998,US
1963-07-31,38.6897296416938,US
1963-08-31,39.08859283387621,US
1963-09-30,39.487456026058624,US
1963-10-31,39.55803409090908,US
1963-11-30,39.756818181818176,US
1963-12-31,39.82629611650484,US
1964-01-31,40.354638497572815,US
1964-02-29,40.88307994902912,US
1964-03-31,41.41142233009708,US
1964-04-30,41.906774271844654,US
1964-05-31,42.402126213592226,US
1964-06-30,42.75909919354838,US
1964-07-31,43.08099824517684,US
1964-08-31,43.68074047016128,US
1964-09-30,43.999676045016066,US
1964-10-31,44.26219760209002,US
1964-11-30,44.381913608173065,US
1964-12-31,44.643593749999994,US
1965-01-31,45.06873812740384,US
1965-02-28,45.49398062259615,US
1965-03-31,45.77241853035142,US
1965-04-30,46.1465757826433,US
1965-05-31,46.66660256130572,US
1965-06-30,46.887882911392396,US
1965-07-31,47.34000222863923,US
1965-08-31,47.792024670094925,US
1965-09-30,48.244143987341765,US
1965-10-31,48.76794558359621,US
1965-11-30,49.44393690851734,US
1965-12-31,49.96231839622641,US
1966-01-31,50.443650943396214,US
1966-02-28,50.606702343749994,US
1966-03-31,50.92588317757008,US
1966-04-30,50.98965789473683,US
1966-05-31,51.36876315789473,US
1966-06-30,51.58815277777777,US
1966-07-31,51.586439859230765,US
1966-08-31,51.426892341743105,US
1966-09-30,51.58295183486237,US
1966-10-31,51.393410473404245,US
1966-11-30,51.51753633510638,US
1966-12-31,51.641569148936156,US
1967-01-31,51.33144059042552,US
1967-02-28,51.02121898404254,US
1967-03-31,50.55742045454544,US
1967-04-30,50.03473640483382,US
1967-05-31,49.51520105421686,US
1967-06-30,48.99878603603603,US
1967-07-31,48.76042814371257,US
1967-08-31,48.52349328358208,US
1967-09-30,48.28796874999998,US
1967-10-31,48.23552002967357,US
1967-11-30,48.183381656804734,US
1967-12-31,48.13155088495574,US
1968-01-31,48.17845367815248,US
1968-02-29,48.365728203947356,US
1968-03-31,48.55199999999999,US
1968-04-30,48.796456528343015,US
1968-05-31,49.039584649999995,US
1968-06-30,49.13919812680114,US
1968-07-31,49.12074498567334,US
1968-08-31,49.242794999999994,US
1968-09-30,49.364149572649566,US
1968-10-31,49.37350933640226,US
1968-11-30,49.522349447033896,US
1968-12-31,49.67026478873238,US
1969-01-31,49.702723314606736,US
1969-02-28,49.59607541899441,US
1969-03-31,49.35351939058171,US
1969-04-30,49.13784904752066,US
1969-05-31,49.05886619711538,US
1969-06-30,48.84657377049179,US
1969-07-31,48.71977569089674,US
1969-08-31,48.59426566418918,US
1969-09-30,48.60083490566036,US
1969-10-31,48.03928363471849,US
1969-11-30,47.483803877999996,US
1969-12-31,46.93413660477453,US
1970-01-31,46.40504166666666,US
1970-02-28,45.758005263157884,US
1970-03-31,45.11774410994763,US
1970-04-30,44.47460076818181,US
1970-05-31,44.06863977784973,US
1970-06-30,43.55215979381442,US
1970-07-31,42.910205651923064,US
1970-08-31,42.491517425,US
1970-09-30,41.85824999999999,US
1970-10-31,41.05006610596446,US
1970-11-30,40.25012299053029,US
1970-12-31,39.45814258793969,US
1971-01-31,39.688891959798994,US
1971-02-28,39.819592105263155,US
1971-03-31,39.94963874999999,US
1971-04-30,40.1044583435162,US
1971-05-31,40.15868661104218,US
1971-06-30,40.11325862068965,US
1971-07-31,40.2905158581081,US
1971-08-31,40.46682915624999,US
1971-09-30,40.74196875,US
1971-10-31,41.31598533007334,US
1971-11-30,41.98961552567237,US
1971-12-31,42.45563868613138,US
1972-01-31,42.72876996167882,US
1972-02-29,42.793585461864396,US
1972-03-31,42.961371376811584,US
1972-04-30,43.251242278915655,US
1972-05-31,43.53979315925479,US
1972-06-30,43.82688669064747,US
1972-07-31,44.031728411097845,US
1972-08-31,44.339871537499995,US
1972-09-30,44.646623515439416,US
1972-10-31,45.11096287411347,US
1972-11-30,45.67848279304244,US
1972-12-31,46.243259999999985,US
1973-01-31,47.04496996302816,US
1973-02-28,47.61980954720279,US
1973-03-31,48.07545034642031,US
1973-04-30,48.75101501318805,US
1973-05-31,49.417416182801816,US
1973-06-30,50.07470192307691,US
1973-07-31,51.02122696557561,US
1973-08-31,51.157027614745,US
1973-09-30,52.0823113938053,US
1973-10-31,52.677225228618404,US
1973-11-30,53.37776480555554,US
1973-12-31,54.06927272727271,US
1974-01-31,54.043131339592264,US
1974-02-28,53.78848261811439,US
1974-03-31,53.54029079497907,US
1974-04-30,54.12506396718749,US
1974-05-31,54.25467447685184,US
1974-06-30,54.603149999999985,US
1974-07-31,54.925284505566786,US
1974-08-31,55.02133640849999,US
1974-09-30,55.115049901185756,US
1974-10-31,54.136461749999995,US
1974-11-30,53.280035040291246,US
1974-12-31,52.43686849710982,US
1975-01-31,51.37377647936659,US
1975-02-28,50.12718276999998,US
1975-03-31,49.084959677419334,US
1975-04-30,47.95420738043478,US
1975-05-31,46.74388542434209,US
1975-06-30,45.462218283582075,US
1975-07-31,44.58238707702951,US
1975-08-31,44.12447367265193,US
1975-09-30,43.50823076923076,US
1975-10-31,43.642238987704914,US
1975-11-30,43.69557648417721,US
1975-12-31,43.905854054054046,US
1976-01-31,45.11157607149279,US
1976-02-29,46.23002545564515,US
1976-03-31,47.42511896243291,US
1976-04-30,48.32923788636362,US
1976-05-31,49.05262441725663,US
1976-06-30,49.853510123239424,US
1976-07-31,50.127707968476344,US
1976-08-31,50.39903963414633,US
1976-09-30,50.75551432291665,US
1976-10-31,51.12699352331605,US
1976-11-30,51.672210775862055,US
1976-12-31,52.125833762886586,US
1977-01-31,52.15507299871794,US
1977-02-28,51.91891321065989,US
1977-03-31,51.86159999999999,US
1977-04-30,52.00749076249999,US
1977-05-31,52.32444949004974,US
1977-06-30,52.55104695222404,US
1977-07-31,52.77788654508196,US
1977-08-31,53.08861104166666,US
1977-09-30,53.397809853420185,US
1977-10-31,53.52261647727271,US
1977-11-30,53.55994870759288,US
1977-12-31,53.683228260869555,US
1978-01-31,53.38863599999999,US
1978-02-28,53.09779054054054,US
1978-03-31,52.727323343848575,US
1978-04-30,52.809628650234735,US
1978-05-31,52.8091295232558,US
1978-06-30,52.727175230061334,US
1978-07-31,52.853821472602725,US
1978-08-31,53.13955953409089,US
1978-09-30,53.26158157894736,US
1978-10-31,53.94094293219075,US
1978-11-30,54.85178010756675,US
1978-12-31,55.75409268833086,US
1979-01-31,56.71336889824304,US
1979-02-28,57.489504041244565,US
1979-03-31,58.3308846704871,US
1979-04-30,58.65290161827195,US
1979-05-31,58.88480203846152,US
1979-06-30,59.193118257261396,US
1979-07-31,59.45280819767441,US
1979-08-31,59.7873644410569,US
1979-09-30,60.03546012064343,US
1979-10-31,59.868687556515944,US
1979-11-30,59.62548973320157,US
1979-12-31,59.30970860495435,US
1980-01-31,59.03499641066837,US
1980-02-29,58.76833211977184,US
1980-03-31,58.435573970037446,US
1980-04-30,57.3452394537037,US
1980-05-31,56.34804314486552,US
1980-06-30,55.30283978234582,US
1980-07-31,54.932673518742426,US
1980-08-31,54.169499999999985,US
1980-09-30,53.353649999999995,US
1980-10-31,53.06691332547169,US
1980-11-30,52.84727368421051,US
1980-12-31,52.57021494785631,US
1981-01-31,51.8657396551724,US
1981-02-28,51.05607679180886,US
1981-03-31,50.43320847457626,US
1981-04-30,50.585937382154874,US
1981-05-31,50.680464412583504,US
1981-06-30,50.71714983443708,US
1981-07-31,50.45322084334061,US
1981-08-31,50.35780791711808,US
1981-09-30,50.156297478540765,US
1981-10-31,50.14722430406851,US
1981-11-30,50.08468062966915,US
1981-12-31,50.02253617021275,US
1982-01-31,49.26834813626723,US
1982-02-28,48.518619933932335,US
1982-03-31,47.97617222222221,US
1982-04-30,47.08589335353002,US
1982-05-31,45.961624955636736,US
1982-06-30,44.719862628865975,US
1982-07-31,43.85221491538461,US
1982-08-31,43.1251240609007,US
1982-09-30,42.40131664964249,US
1982-10-31,41.31567816446027,US
1982-11-30,40.44225412499999,US
1982-12-31,39.64602049180328,US
1983-01-31,39.335505667177905,US
1983-02-28,39.06580894535239,US
1983-03-31,38.836604187946875,US
1983-04-30,38.73692676724137,US
1983-05-31,38.677296328124996,US
1983-06-30,38.73512788944723,US
1983-07-31,39.305361403903895,US
1983-08-31,39.910532642215564,US
1983-09-30,40.43193396226415,US
1983-10-31,41.049272977722765,US
1983-11-30,41.70442691946639,US
1983-12-31,42.39850765054293,US
1984-01-31,43.3805799803729,US
1984-02-29,44.394466552734364,US
1984-03-31,45.531244152046774,US
1984-04-30,46.240692490300674,US
1984-05-31,47.034388338974836,US
1984-06-30,47.82319672131146,US
1984-07-31,47.992322766570595,US
1984-08-31,48.16015406698564,US
1984-09-30,48.28067999999999,US
1984-10-31,48.22075027777777,US
1984-11-30,48.298081631054124,US
1984-12-31,48.3757037037037,US
1985-01-31,48.0422860592417,US
1985-02-28,47.5748126957547,US
1985-03-31,47.15629440789473,US
1985-04-30,46.19117469597753,US
1985-05-31,45.27719874184528,US
1985-06-30,44.41124790892193,US
1985-07-31,43.969053068181815,US
1985-08-31,43.52877943749999,US
1985-09-30,43.05006301939058,US
1985-10-31,42.309524109935595,US
1985-11-30,41.61283788302752,US
1985-12-31,40.91969602012808,US
1986-01-31,40.72389552919708,US
1986-02-28,40.75164798719121,US
1986-03-31,40.854515625,US
1986-04-30,41.108187575966845,US
1986-05-31,41.17316486914599,US
1986-06-30,41.12452534246575,US
1986-07-31,41.25508382876712,US
1986-08-31,41.30991085460346,US
1986-09-30,41.252208484573494,US
1986-10-31,40.87260067316409,US
1986-11-30,40.49340326766304,US
1986-12-31,40.115169230769226,US
1987-01-31,40.43167944469424,US
1987-02-28,40.853482936827945,US
1987-03-31,41.23572925958965,US
1987-04-30,40.400409456521736,US
1987-05-31,39.64418792440318,US
1987-06-30,38.893026872246686,US
1987-07-31,40.08172012302284,US
1987-08-31,41.15595236013985,US
1987-09-30,42.218975217391296,US
1987-10-31,43.5606422745013,US
1987-11-30,44.972888611351806,US
1987-12-31,46.42314774696706,US
1988-01-31,47.26402221910111,US
1988-02-29,48.10081124353448,US
1988-03-31,48.84901480686694,US
1988-04-30,51.2827611379163,US
1988-05-31,53.78282400638297,US
1988-06-30,56.218499364406775,US
1988-07-31,56.89398962658226,US
1988-08-31,57.56406074999999,US
1988-09-30,58.082454716193645,US
1988-10-31,58.76349122920132,US
1988-11-30,59.58849400872817,US
1988-12-31,60.336332987551856,US
1989-01-31,61.07382658959537,US
1989-02-28,61.829699013157885,US
1989-03-31,62.47704333605886,US
1989-04-30,62.28662594841592,US
1989-05-31,62.148580741114685,US
1989-06-30,62.21221232876711,US
1989-07-31,60.80715856109323,US
1989-08-31,59.45654494382021,US
1989-09-30,58.01728379999999,US
1989-10-31,57.0983845879777,US
1989-11-30,56.321867519857015,US
1989-12-31,55.520506938937345,US
1990-01-31,54.04087499999998,US
1990-02-28,52.80699374999998,US
1990-03-31,51.54454487179487,US
1990-04-30,51.13991695694335,US
1990-05-31,50.69750990131578,US
1990-06-30,50.10216050808314,US
1990-07-31,50.28566756134968,US
1990-08-31,50.199327127659565,US
1990-09-30,50.15231235870383,US
1990-10-31,49.546105275280894,US
1990-11-30,49.1298030325112,US
1990-12-31,48.82481950672644,US
1991-01-31,48.17823678120356,US
1991-02-28,47.75112095140949,US
1991-03-31,47.48377666666666,US
1991-04-30,46.10773757951183,US
1991-05-31,44.828037826327424,US
1991-06-30,43.69069687499999,US
1991-07-31,42.345389867841405,US
1991-08-31,41.07845589311858,US
1991-09-30,39.76087499999999,US
1991-10-31,38.328989961790384,US
1991-11-30,36.84793181603773,US
1991-12-31,35.45218401015227,US
1992-01-31,35.57086281136857,US
1992-02-29,35.61172814393939,US
1992-03-31,35.579355527638185,US
1992-04-30,36.17198151075268,US
1992-05-31,36.741216565855396,US
1992-06-30,37.2287722895863,US
1992-07-31,37.868298576512444,US
1992-08-31,38.477771646557834,US
1992-09-30,39.083794055201686,US
1992-10-31,39.701584802538775,US
1992-11-30,40.400206690140834,US
1992-12-31,41.18374894291754,US
1993-01-31,41.518273842917246,US
1993-02-28,41.90802044025157,US
1993-03-31,42.29505292479108,US
1993-04-30,41.81616614583333,US
1993-05-31,41.39726941747573,US
1993-06-30,40.979533067867024,US
1993-07-31,41.742731821329635,US
1993-08-31,42.388510877071816,US
1993-09-30,43.06038783597518,US
1993-10-31,43.912592656142756,US
1993-11-30,44.91129783950616,US
1993-12-31,45.9611177983539,US
1994-01-31,46.39381107558139,US
1994-02-28,46.812883747443756,US
1994-03-31,47.22931742527174,US
1994-04-30,48.8890186567164,US
1994-05-31,50.57848932203389,US
1994-06-30,52.12441216216215,US
1994-07-31,53.448541273584894,US
1994-08-31,54.692040604026836,US
1994-09-30,56.00043222891565,US
1994-10-31,58.194940133779255,US
1994-11-30,60.34617585170341,US
1994-12-31,62.575160320641274,US
1995-01-31,63.64926397205587,US
1995-02-28,64.71482604373756,US
1995-03-31,65.81539052179654,US
1995-04-30,66.8617526612903,US
1995-05-31,67.9902741179369,US
1995-06-30,69.11455622950818,US
1995-07-31,69.61640459016391,US
1995-08-31,69.93481736429037,US
1995-09-30,70.29742460835509,US
1995-10-31,69.25870784482757,US
1995-11-30,68.49343720214843,US
1995-12-31,67.72697003257328,US
1996-01-31,67.38512632286267,US
1996-02-29,67.22018396223368,US
1996-03-31,66.92729672447012,US
1996-04-30,67.23836900191937,US
1996-05-31,67.67646264367815,US
1996-06-30,68.1998150925335,US
1996-07-31,68.77787990923565,US
1996-08-31,69.35393438811187,US
1996-09-30,69.8389733840304,US
1996-10-31,71.37818082754262,US
1996-11-30,72.9996346153846,US
1996-12-31,74.75610387767968,US
1997-01-31,75.48957916876176,US
1997-02-28,76.21865055921052,US
1997-03-31,76.99106624999999,US
1997-04-30,77.09234438670411,US
1997-05-31,77.33820833385383,US
1997-06-30,77.43899017467245,US
1997-07-31,77.39971308411212,US
1997-08-31,77.31242397388058,US
1997-09-30,77.17755334987592,US
1997-10-31,76.40552163211633,US
1997-11-30,75.8716631842105,US
1997-12-31,75.38365964042156,US
1998-01-31,75.1300535272277,US
1998-02-28,74.87738727609634,US
1998-03-31,74.62565567200986,US
1998-04-30,74.12995153846153,US
1998-05-31,73.6360743243243,US
1998-06-30,73.18888757668711,US
1998-07-31,72.54902867187499,US
1998-08-31,71.91054878059974,US
1998-09-30,71.27381708435207,US
1998-10-31,70.86347634603656,US
1998-11-30,70.62716084908536,US
1998-12-31,70.43360600976204,US
1999-01-31,70.67825014594993,US
1999-02-28,71.00793298492658,US
1999-03-31,71.20711181818182,US
1999-04-30,72.3138727436823,US
1999-05-31,73.9347644404332,US
1999-06-30,75.55565613718412,US
1999-07-31,77.12870425914817,US
1999-08-31,78.7394371633752,US
1999-09-30,80.15107147111374,US
1999-10-31,82.56221061236623,US
1999-11-30,85.06573232323231,US
1999-12-31,87.61831060606059,US
2000-01-31,89.03933545616113,US
2000-02-29,90.18561822732624,US
2000-03-31,91.10511755257009,US
2000-04-30,91.62975685931113,US
2000-05-31,92.10004999999998,US
2000-06-30,92.19338631090486,US
2000-07-31,93.03110792824073,US
2000-08-31,94.08224016203701,US
2000-09-30,94.64045336787564,US
2000-10-31,92.30741091954022,US
2000-11-30,90.08576823664558,US
2000-12-31,87.96767241379308,US
2001-01-31,84.75763106796114,US
2001-02-28,81.77330716723549,US
2001-03-31,78.9468422247446,US
2001-04-30,73.64480483323909,US
2001-05-31,68.34607962858749,US
2001-06-30,63.27208272471909,US
2001-07-31,58.575269436619706,US
2001-08-31,53.70022492957745,US
2001-09-30,48.60611062815479,US
2001-10-31,46.691478193584686,US
2001-11-30,44.688172632468984,US
2001-12-31,42.774691426146006,US
2002-01-31,42.683841897233194,US
2002-02-28,42.52153444881889,US
2002-03-31,42.289425335570456,US
2002-04-30,43.21199082313681,US
2002-05-31,44.369758898776404,US
2002-06-30,45.50221984435796,US
2002-07-31,47.321430316490826,US
2002-08-31,49.02783536247924,US
2002-09-30,50.80701712707181,US
2002-10-31,49.343993243243226,US
2002-11-30,47.96504054054053,US
2002-12-31,46.689097429519066,US
2003-01-31,48.01669647771051,US
2003-02-28,49.17099822501364,US
2003-03-31,50.38971661237784,US
2003-04-30,52.847799646354716,US
2003-05-31,55.286459673024495,US
2003-06-30,57.5759669297768,US
2003-07-31,59.74951821642195,US
2003-08-31,61.7506374593716,US
2003-09-30,63.77105264578832,US
2003-10-31,69.4440581081081,US
2003-11-30,75.25150433604334,US
2003-12-31,80.95851519262071,US
2004-01-31,82.36130075593952,US
2004-02-29,83.7055394736842,US
2004-03-31,84.94466382070436,US
2004-04-30,86.9260977393617,US
2004-05-31,88.65987704918032,US
2004-06-30,90.61180350553504,US
2004-07-31,91.62813080781413,US
2004-08-31,92.45212044854878,US
2004-09-30,93.12788665086886,US
2004-10-31,93.0569870350969,US
2004-11-30,93.42498416230366,US
2004-12-31,94.18688977929581,US
2005-01-31,94.8829370739381,US
2005-02-28,95.22725273722625,US
2005-03-31,95.36988127263318,US
2005-04-30,96.32686151079135,US
2005-05-31,98.02168955761314,US
2005-06-30,99.56619871465293,US
2005-07-31,100.78394101842373,US
2005-08-31,101.93858706720974,US
2005-09-30,102.35560827464785,US
2005-10-31,103.8712737198795,US
2005-11-30,106.44747229251008,US
2005-12-31,108.62237461890241,US
2006-01-31,109.26214838628336,US
2006-02-28,110.50067803220936,US
2006-03-31,111.34276989489486,US
2006-04-30,111.32507580645158,US
2006-05-31,111.69244506172836,US
2006-06-30,112.38756764415966,US
2006-07-31,114.10206818181815,US
2006-08-31,115.92007981853847,US
2006-09-30,118.54331037456872,US
2006-10-31,120.67612797324081,US
2006-11-30,122.34465297766747,US
2006-12-31,123.64941786422197,US
2007-01-31,124.0998845199984,US
2007-02-28,124.2617994437319,US
2007-03-31,123.95546001499862,US
2007-04-30,124.02928524428359,US
2007-05-31,124.14453579964318,US
2007-06-30,124.77128753263705,US
2007-07-31,121.7069630675135,US
2007-08-31,118.82881197785652,US
2007-09-30,115.40899563528224,US
2007-10-31,109.0968222326454,US
2007-11-30,102.42265233588832,US
2007-12-31,96.45735945266524,US
2008-01-31,93.18121979818076,US
2008-02-29,90.12043761484789,US
2008-03-31,86.57899537765537,US
2008-04-30,81.77251213789954,US
2008-05-31,76.84087773274491,US
2008-06-30,71.86787777346159,US
2008-07-31,68.97810243949009,US
2008-08-31,66.73009217841394,US
2008-09-30,64.29456870506391,US
2008-10-31,50.3114337890688,US
2008-11-30,36.36877803930798,US
2008-12-31,21.66779496546606,US
2009-01-31,17.697940968916797,US
2009-02-28,13.75358989222076,US
2009-03-31,9.872805805114027,US
2009-04-30,10.159267843744136,US
2009-05-31,10.440155525213225,US
2009-06-30,10.658748893102693,US
2009-07-31,13.059104903158099,US
2009-08-31,15.407975921309893,US
2009-09-30,17.7749531182716,US
2009-10-31,35.89804708641529,US
2009-11-30,54.0000249618638,US
2009-12-31,72.25464658322102,US
2010-01-31,76.69893429232023,US
2010-02-28,81.36903158608659,US
2010-03-31,85.7063036745684,US
2010-04-30,88.44566416982784,US
2010-05-31,91.2628817983481,US
2010-06-30,94.24061317183948,US
2010-07-31,96.44870006559302,US
2010-08-31,98.54062007585472,US
2010-09-30,100.70693488800076,US
2010-10-31,103.14312254527661,US
2010-11-30,105.6601088650521,US
2010-12-31,108.03481229953597,US
2011-01-31,109.3575622210214,US
2011-02-28,110.64682739969905,US
2011-03-31,111.3865896306837,US
2011-04-30,111.8354149066721,US
2011-05-31,112.46784720132408,US
2011-06-30,113.7457289276189,US
2011-07-31,115.04973220846131,US
2011-08-31,116.13417985389216,US
2011-09-30,117.35681302310819,US
2011-10-31,117.58586294999137,US
2011-11-30,117.67160588781329,US
2011-12-31,117.94899732798041,US
2012-01-31,118.14807623585466,US
2012-02-29,118.34281932066254,US
2012-03-31,118.15812604624396,US
2012-04-30,117.52727252971727,US
2012-05-31,117.39005787263666,US
2012-06-30,117.28675428581386,US
2012-07-31,116.84575323870381,US
2012-08-31,115.57012184270266,US
2012-09-30,114.43054337163522,US
2012-10-31,114.47947697315801,US
2012-11-30,115.02890526928472,US
2012-12-31,115.34396638080844,US
2013-01-31,115.53118203925654,US
2013-02-28,115.11569814270823,US
2013-03-31,115.33718150300936,US
2013-04-30,116.88342575828597,US
2013-05-31,118.09937109618149,US
2013-06-30,119.23691296508838,US
2013-07-31,120.68392213479682,US
2013-08-31,122.03109679446887,US
2013-09-30,123.37978028947377,US
2013-10-31,126.24562163342551,US
2013-11-30,129.0564928197229,US
2013-12-31,131.62028371715817,US
2014-01-31,131.41599174489986,US
2014-02-28,131.21432632964334,US
2014-03-31,130.65540822199554,US
2014-04-30,131.20315705777145,US
2014-05-31,131.72018211433374,US
2014-06-30,132.4472201826779,US
2014-07-31,133.71529275970616,US
2014-08-31,135.15744748835408,US
2014-09-30,136.27330011637136,US
2014-10-31,135.04784412865945,US
2014-11-30,134.20379185351743,US
2014-12-31,133.38289578471284,US
2015-01-31,132.67747425194793,US
2015-02-28,130.77344443639709,US
2015-03-31,128.67729566447426,US
2015-04-30,126.54444830705117,US
2015-05-31,124.04039223313217,US
2015-06-30,121.75161133180798,US
2015-07-31,119.92625474536356,US
2015-08-31,118.27657301649907,US
2015-09-30,116.63837924730502,US
2015-10-31,114.91890961494798,US
2015-11-30,113.38628821586272,US
2015-12-31,111.99328855300705,US
2016-01-31,111.76969368890238,US
2016-02-29,111.63904215747053,US
2016-03-31,111.1218194110829,US
2016-04-30,110.80218464354823,US
2016-05-31,110.55959896598658,US
2016-06-30,110.40089246446321,US
2016-07-31,111.5000520512991,US
2016-08-31,112.31712296916324,US
2016-09-30,112.96493768328445,US
2016-10-31,115.12913645032243,US
2016-11-30,117.61694727225265,US
2016-12-31,119.88615893916298,US
2017-01-31,121.60352774883768,US
2017-02-28,123.62656874094323,US
2017-03-31,125.92863431651223,US
2017-04-30,127.11286213214242,US
2017-05-31,128.55954867140923,US
2017-06-30,129.9968669755669,US
2017-07-31,131.362220878645,US
2017-08-31,132.24183321861037,US
2017-09-30,132.81041046272773,US
2017-10-31,134.05274281104175,US
2017-11-30,135.20779141278388,US
2017-12-31,136.44630827018867,US
2018-01-31,137.99596557831413,US
2018-02-28,139.65164323208467,US
2018-03-31,141.6100667590982,US
2018-04-30,143.9166372642149,US
2018-05-31,146.1759583127971,US
2018-06-30,148.79417831730748,US
2018-07-31,151.98706528812806,US
2018-08-31,155.10382298350953,US
2018-09-30,158.12122819770318,US
2018-10-31,158.64938499713307,US
2018-11-30,159.9922818186146,US
2018-12-31,161.31726216301197,US
2019-01-31,161.82106822479656,US
2019-02-28,161.94729612384077,US
2019-03-31,161.841664207992,US
2019-04-30,161.34061751608306,US
2019-05-31,161.34853695156426,US
2019-06-30,161.6669865075368,US
2019-07-31,160.45471312034485,US
2019-08-31,159.52020780876057,US
2019-09-30,158.4534320121203,US
2019-10-31,160.69713139120094,US
2019-11-30,163.38987589810577,US
2019-12-31,166.1475574377174,US
2020-01-31,156.3522216644506,US
2020-02-29,146.7966952156735,US
2020-03-31,137.96878164771513,US
2020-04-30,132.09180317798342,US
2020-05-31,125.28358142156212,US
2020-06-30,117.8331471079958,US
2020-07-31,116.84234680684365,US
2020-08-31,116.07855544825674,US
2020-09-30,115.52114280774549,US
2020-10-31,113.87041347911577,US
2020-11-30,112.33619389076543,US
2020-12-31,110.62824533350735,US
2021-01-31,123.45027391028431,US
2021-02-28,135.9964014273004,US
2021-03-31,148.16516911623125,US
2021-04-30,158.63444958697488,US
2021-05-31,168.95701294600565,US
2021-06-30,178.87934272127669,US
2021-07-31,184.25383741204305,US
2021-08-31,190.09200250761236,US
2021-09-30,195.77830675148553,US
2021-10-31,202.44399099385728,US
2021-11-30,209.69251343776529,US
2021-12-31,217.26332101276168,US
2022-01-31,215.4649157205457,US
2022-02-28,213.5290636587291,US
2022-03-31,210.72991514900656,US
2022-04-30,207.5658433324455,US
2022-05-31,203.33023125530278,US
2022-06-30,198.6293898977763,US
2022-07-31,196.92043694055536,US
2022-08-31,195.25721829618692,US
2022-09-30,193.1088509238295,US
2022-10-31,187.3705636853549,US
2022-11-30,182.59688431062335,US
2022-12-31,178.18079571222074,US
2023-01-31,177.5929019453822,US
2023-02-28,177.4279062790852,US
2023-03-31,177.75537971326756,US
2023-04-30,178.78452274997275,US
2023-05-31,180.34855233175608,US
2023-06-30,181.77477286805694,US
